Start(South African Standard Time),Stop(South African Standard Time),min_Irradance(W/m^2),max_Irradance(W/m^2),avarage_Irradance(W/m^2),Standard deviation
2019-03-13 00:00,2019-03-13 00:01,12,18,14.58,1.41
2019-03-13 00:01,2019-03-13 00:02,12,18,14.93,1.35
2019-03-13 00:02,2019-03-13 00:03,12,18,14.86,1.40
2019-03-13 00:03,2019-03-13 00:04,12,21,15.09,1.47
2019-03-13 00:04,2019-03-13 00:05,12,18,15.16,1.44
2019-03-13 00:05,2019-03-13 00:06,12,18,14.86,1.36
2019-03-13 00:06,2019-03-13 00:07,12,18,14.75,1.33
2019-03-13 00:07,2019-03-13 00:08,12,18,14.68,1.27
2019-03-13 00:08,2019-03-13 00:09,12,18,14.74,1.25
2019-03-13 00:09,2019-03-13 00:10,12,18,14.85,1.27
2019-03-13 00:10,2019-03-13 00:11,12,18,14.88,1.28
2019-03-13 00:11,2019-03-13 00:12,12,18,14.91,1.32
2019-03-13 00:12,2019-03-13 00:13,12,18,14.96,1.31
2019-03-13 00:13,2019-03-13 00:14,12,18,14.93,1.31
2019-03-13 00:14,2019-03-13 00:15,12,18,14.95,1.29
2019-03-13 00:15,2019-03-13 00:16,12,18,14.94,1.29
2019-03-13 00:16,2019-03-13 00:17,12,18,14.95,1.26
2019-03-13 00:17,2019-03-13 00:18,12,18,14.98,1.30
2019-03-13 00:18,2019-03-13 00:19,12,18,14.89,1.28
2019-03-13 00:19,2019-03-13 00:20,12,18,14.97,1.30
2019-03-13 00:20,2019-03-13 00:21,12,18,14.96,1.31
2019-03-13 00:21,2019-03-13 00:22,12,18,14.96,1.31
2019-03-13 00:22,2019-03-13 00:23,12,18,14.77,1.35
2019-03-13 00:23,2019-03-13 00:24,12,18,12.79,1.32
2019-03-13 00:24,2019-03-13 00:25,12,15,12.03,0.28
2019-03-13 00:25,2019-03-13 00:26,12,15,12.00,0.04
2019-03-13 00:26,2019-03-13 00:27,12,15,12.00,0.11
2019-03-13 00:27,2019-03-13 00:28,12,18,14.01,1.65
2019-03-13 00:28,2019-03-13 00:29,12,18,14.79,1.34
2019-03-13 00:29,2019-03-13 00:30,12,18,14.68,1.32
2019-03-13 00:30,2019-03-13 00:31,12,18,14.88,1.30
2019-03-13 00:31,2019-03-13 00:32,12,18,14.89,1.29
2019-03-13 00:32,2019-03-13 00:33,12,18,14.94,1.31
2019-03-13 00:33,2019-03-13 00:34,12,18,14.86,1.31
2019-03-13 00:34,2019-03-13 00:35,12,18,14.35,1.41
2019-03-13 00:35,2019-03-13 00:36,12,18,14.91,1.30
2019-03-13 00:36,2019-03-13 00:37,12,18,14.93,1.33
2019-03-13 00:37,2019-03-13 00:38,12,18,14.98,1.34
2019-03-13 00:38,2019-03-13 00:39,12,18,14.76,1.34
2019-03-13 00:39,2019-03-13 00:40,12,18,15.13,1.46
2019-03-13 00:40,2019-03-13 00:41,12,18,15.08,1.40
2019-03-13 00:41,2019-03-13 00:42,12,18,14.79,1.43
2019-03-13 00:42,2019-03-13 00:43,12,18,14.99,1.34
2019-03-13 00:43,2019-03-13 00:44,12,18,15.03,1.34
2019-03-13 00:44,2019-03-13 00:45,12,18,14.90,1.35
2019-03-13 00:45,2019-03-13 00:46,12,18,14.96,1.33
2019-03-13 00:46,2019-03-13 00:47,12,18,14.91,1.32
2019-03-13 00:47,2019-03-13 00:48,12,18,15.00,1.33
2019-03-13 00:48,2019-03-13 00:49,12,18,14.97,1.30
2019-03-13 00:49,2019-03-13 00:50,12,18,14.80,1.21
2019-03-13 00:50,2019-03-13 00:51,12,18,15.00,1.38
2019-03-13 00:51,2019-03-13 00:52,12,18,14.86,1.30
2019-03-13 00:52,2019-03-13 00:53,12,18,14.92,1.29
2019-03-13 00:53,2019-03-13 00:54,12,18,14.82,1.27
2019-03-13 00:54,2019-03-13 00:55,12,18,14.53,1.32
2019-03-13 00:55,2019-03-13 00:56,12,18,13.75,1.51
2019-03-13 00:56,2019-03-13 00:57,12,18,13.42,1.51
2019-03-13 00:57,2019-03-13 00:58,12,18,13.32,1.50
2019-03-13 00:58,2019-03-13 00:59,12,18,13.32,1.51
2019-03-13 00:59,2019-03-13 01:00,12,15,12.71,1.28
2019-03-13 01:00,2019-03-13 01:01,12,18,12.44,1.06
2019-03-13 01:01,2019-03-13 01:02,12,18,13.03,1.44
2019-03-13 01:02,2019-03-13 01:03,12,15,13.12,1.45
2019-03-13 01:03,2019-03-13 01:04,12,15,13.38,1.50
2019-03-13 01:04,2019-03-13 01:05,12,18,14.72,1.55
2019-03-13 01:05,2019-03-13 01:06,12,18,14.87,1.34
2019-03-13 01:06,2019-03-13 01:07,12,18,14.85,1.31
2019-03-13 01:07,2019-03-13 01:08,12,18,14.98,1.30
2019-03-13 01:08,2019-03-13 01:09,12,18,15.03,1.34
2019-03-13 01:09,2019-03-13 01:10,12,18,14.98,1.30
2019-03-13 01:10,2019-03-13 01:11,12,18,14.97,1.30
2019-03-13 01:11,2019-03-13 01:12,12,18,15.00,1.30
2019-03-13 01:12,2019-03-13 01:13,12,18,15.06,1.35
2019-03-13 01:13,2019-03-13 01:14,12,18,15.02,1.34
2019-03-13 01:14,2019-03-13 01:15,12,18,15.00,1.33
2019-03-13 01:15,2019-03-13 01:16,12,18,14.84,1.31
2019-03-13 01:16,2019-03-13 01:17,12,18,15.08,1.45
2019-03-13 01:17,2019-03-13 01:18,12,18,14.83,1.26
2019-03-13 01:18,2019-03-13 01:19,12,18,15.06,1.35
2019-03-13 01:19,2019-03-13 01:20,12,18,15.06,1.34
2019-03-13 01:20,2019-03-13 01:21,12,18,14.94,1.26
2019-03-13 01:21,2019-03-13 01:22,12,18,14.83,1.26
2019-03-13 01:22,2019-03-13 01:23,12,18,14.91,1.26
2019-03-13 01:23,2019-03-13 01:24,12,18,14.91,1.26
2019-03-13 01:24,2019-03-13 01:25,12,18,14.97,1.30
2019-03-13 01:25,2019-03-13 01:26,12,18,14.90,1.23
2019-03-13 01:26,2019-03-13 01:27,12,18,14.89,1.23
2019-03-13 01:27,2019-03-13 01:28,12,18,14.95,1.28
2019-03-13 01:28,2019-03-13 01:29,12,18,14.94,1.31
2019-03-13 01:29,2019-03-13 01:30,12,18,14.86,1.23
2019-03-13 01:30,2019-03-13 01:31,12,18,14.90,1.26
2019-03-13 01:31,2019-03-13 01:32,12,18,14.93,1.28
2019-03-13 01:32,2019-03-13 01:33,12,18,14.85,1.27
2019-03-13 01:33,2019-03-13 01:34,12,18,14.93,1.27
2019-03-13 01:34,2019-03-13 01:35,12,18,14.99,1.31
2019-03-13 01:35,2019-03-13 01:36,12,18,15.05,1.35
2019-03-13 01:36,2019-03-13 01:37,12,18,14.91,1.26
2019-03-13 01:37,2019-03-13 01:38,12,18,15.03,1.34
2019-03-13 01:38,2019-03-13 01:39,12,18,14.53,1.27
2019-03-13 01:39,2019-03-13 01:40,12,18,14.70,1.25
2019-03-13 01:40,2019-03-13 01:41,12,18,14.74,1.27
2019-03-13 01:41,2019-03-13 01:42,12,18,13.92,1.52
2019-03-13 01:42,2019-03-13 01:43,12,18,13.92,1.55
2019-03-13 01:43,2019-03-13 01:44,12,18,14.35,1.47
2019-03-13 01:44,2019-03-13 01:45,12,18,14.56,1.27
2019-03-13 01:45,2019-03-13 01:46,12,18,14.06,1.57
2019-03-13 01:46,2019-03-13 01:47,12,18,13.54,1.58
2019-03-13 01:47,2019-03-13 01:48,12,15,12.11,0.55
2019-03-13 01:48,2019-03-13 01:49,12,15,12.06,0.42
2019-03-13 01:49,2019-03-13 01:50,12,18,13.15,1.48
2019-03-13 01:50,2019-03-13 01:51,12,18,14.63,1.30
2019-03-13 01:51,2019-03-13 01:52,12,18,14.54,1.26
2019-03-13 01:52,2019-03-13 01:53,12,18,14.36,1.32
2019-03-13 01:53,2019-03-13 01:54,12,18,14.51,1.28
2019-03-13 01:54,2019-03-13 01:55,12,15,13.51,1.50
2019-03-13 01:55,2019-03-13 01:56,12,15,12.41,1.04
2019-03-13 01:56,2019-03-13 01:57,12,15,12.31,0.92
2019-03-13 01:57,2019-03-13 01:58,12,15,12.28,0.88
2019-03-13 01:58,2019-03-13 01:59,12,15,12.30,0.90
2019-03-13 01:59,2019-03-13 02:00,12,15,12.42,1.04
2019-03-13 02:00,2019-03-13 02:01,12,15,12.30,0.90
2019-03-13 02:01,2019-03-13 02:02,12,15,12.20,0.74
2019-03-13 02:02,2019-03-13 02:03,12,15,12.06,0.42
2019-03-13 02:03,2019-03-13 02:04,12,15,12.08,0.47
2019-03-13 02:04,2019-03-13 02:05,12,15,12.74,1.29
2019-03-13 02:05,2019-03-13 02:06,12,15,13.37,1.49
2019-03-13 02:06,2019-03-13 02:07,12,18,14.27,1.37
2019-03-13 02:07,2019-03-13 02:08,12,18,14.70,1.27
2019-03-13 02:08,2019-03-13 02:09,12,18,14.51,1.33
2019-03-13 02:09,2019-03-13 02:10,12,18,14.36,1.35
2019-03-13 02:10,2019-03-13 02:11,12,18,14.63,1.35
2019-03-13 02:11,2019-03-13 02:12,12,18,14.70,1.35
2019-03-13 02:12,2019-03-13 02:13,12,18,14.62,1.35
2019-03-13 02:13,2019-03-13 02:14,12,18,13.80,1.49
2019-03-13 02:14,2019-03-13 02:15,12,18,14.09,1.54
2019-03-13 02:15,2019-03-13 02:16,12,18,13.22,1.55
2019-03-13 02:16,2019-03-13 02:17,12,18,13.77,1.56
2019-03-13 02:17,2019-03-13 02:18,12,18,13.63,1.51
2019-03-13 02:18,2019-03-13 02:19,12,15,12.07,0.45
2019-03-13 02:19,2019-03-13 02:20,12,15,12.12,0.60
2019-03-13 02:20,2019-03-13 02:21,12,15,12.20,0.75
2019-03-13 02:21,2019-03-13 02:22,12,18,13.89,1.47
2019-03-13 02:22,2019-03-13 02:23,12,18,14.03,1.42
2019-03-13 02:23,2019-03-13 02:24,12,15,12.89,1.37
2019-03-13 02:24,2019-03-13 02:25,12,15,12.92,1.39
2019-03-13 02:25,2019-03-13 02:26,12,15,12.51,1.13
2019-03-13 02:26,2019-03-13 02:27,12,15,12.96,1.40
2019-03-13 02:27,2019-03-13 02:28,12,15,12.45,1.07
2019-03-13 02:28,2019-03-13 02:29,12,18,12.39,1.01
2019-03-13 02:29,2019-03-13 02:30,12,15,12.54,1.15
2019-03-13 02:30,2019-03-13 02:31,12,15,13.26,1.48
2019-03-13 02:31,2019-03-13 02:32,12,18,13.94,1.45
2019-03-13 02:32,2019-03-13 02:33,12,15,12.97,1.40
2019-03-13 02:33,2019-03-13 02:34,12,18,13.02,1.43
2019-03-13 02:34,2019-03-13 02:35,12,18,14.70,1.31
2019-03-13 02:35,2019-03-13 02:36,12,18,14.66,1.27
2019-03-13 02:36,2019-03-13 02:37,12,18,13.62,1.50
2019-03-13 02:37,2019-03-13 02:38,12,18,13.38,1.50
2019-03-13 02:38,2019-03-13 02:39,12,18,13.31,1.54
2019-03-13 02:39,2019-03-13 02:40,12,18,12.74,1.31
2019-03-13 02:40,2019-03-13 02:41,12,18,14.83,1.27
2019-03-13 02:41,2019-03-13 02:42,12,18,14.74,1.30
2019-03-13 02:42,2019-03-13 02:43,12,18,14.70,1.38
2019-03-13 02:43,2019-03-13 02:44,12,18,14.34,1.57
2019-03-13 02:44,2019-03-13 02:45,12,15,12.30,0.90
2019-03-13 02:45,2019-03-13 02:46,12,18,12.83,1.38
2019-03-13 02:46,2019-03-13 02:47,12,15,12.03,0.32
2019-03-13 02:47,2019-03-13 02:48,12,15,12.01,0.17
2019-03-13 02:48,2019-03-13 02:49,12,15,12.01,0.21
2019-03-13 02:49,2019-03-13 02:50,12,18,12.74,1.31
2019-03-13 02:50,2019-03-13 02:51,12,18,12.62,1.21
2019-03-13 02:51,2019-03-13 02:52,12,15,12.03,0.31
2019-03-13 02:52,2019-03-13 02:53,12,18,12.57,1.18
2019-03-13 02:53,2019-03-13 02:54,12,15,12.00,0.07
2019-03-13 02:54,2019-03-13 02:55,12,12,12.00,0.00
2019-03-13 02:55,2019-03-13 02:56,12,15,12.00,0.10
2019-03-13 02:56,2019-03-13 02:57,12,12,12.00,0.00
2019-03-13 02:57,2019-03-13 02:58,12,15,12.00,0.05
2019-03-13 02:58,2019-03-13 02:59,12,15,12.11,0.57
2019-03-13 02:59,2019-03-13 03:00,12,18,13.30,1.53
2019-03-13 03:00,2019-03-13 03:01,12,21,14.94,1.30
2019-03-13 03:01,2019-03-13 03:02,12,18,13.04,1.46
2019-03-13 03:03,2019-03-13 03:04,12,15,12.09,0.50
2019-03-13 03:04,2019-03-13 03:05,12,18,12.46,1.10
2019-03-13 03:05,2019-03-13 03:06,12,18,14.44,1.42
2019-03-13 03:07,2019-03-13 03:08,12,18,14.87,1.37
2019-03-13 03:09,2019-03-13 03:10,12,18,13.83,1.59
2019-03-13 03:10,2019-03-13 03:11,12,18,14.43,1.52
2019-03-13 03:11,2019-03-13 03:12,12,18,14.92,1.29
2019-03-13 03:12,2019-03-13 03:13,12,21,14.99,1.49
2019-03-13 03:13,2019-03-13 03:14,12,18,14.77,1.35
2019-03-13 03:14,2019-03-13 03:15,12,18,14.15,1.52
2019-03-13 03:15,2019-03-13 03:16,12,24,14.87,1.56
2019-03-13 03:16,2019-03-13 03:17,12,18,14.97,1.45
2019-03-13 03:17,2019-03-13 03:18,12,24,15.22,1.73
2019-03-13 03:18,2019-03-13 03:19,12,21,14.56,1.52
2019-03-13 03:19,2019-03-13 03:20,12,21,13.68,1.56
2019-03-13 03:20,2019-03-13 03:21,12,18,13.43,1.56
2019-03-13 03:21,2019-03-13 03:22,12,18,14.27,1.40
2019-03-13 03:22,2019-03-13 03:23,12,18,13.75,1.63
2019-03-13 03:23,2019-03-13 03:24,12,21,13.34,1.55
2019-03-13 03:24,2019-03-13 03:25,12,18,12.52,1.19
2019-03-13 03:25,2019-03-13 03:26,12,15,12.02,0.26
2019-03-13 03:26,2019-03-13 03:27,12,18,13.72,1.59
2019-03-13 03:27,2019-03-13 03:28,12,15,12.73,1.29
2019-03-13 03:28,2019-03-13 03:29,12,15,12.05,0.40
2019-03-13 03:29,2019-03-13 03:30,12,15,12.04,0.35
2019-03-13 03:30,2019-03-13 03:31,12,18,14.66,1.61
2019-03-13 03:31,2019-03-13 03:32,12,27,15.21,1.62
2019-03-13 03:32,2019-03-13 03:33,12,18,15.07,1.46
2019-03-13 03:33,2019-03-13 03:34,12,18,15.08,1.44
2019-03-13 03:34,2019-03-13 03:35,12,18,15.23,1.47
2019-03-13 03:35,2019-03-13 03:36,12,18,15.14,1.46
2019-03-13 03:36,2019-03-13 03:37,12,18,15.15,1.47
2019-03-13 03:37,2019-03-13 03:38,12,18,15.20,1.48
2019-03-13 03:38,2019-03-13 03:39,12,18,15.28,1.53
2019-03-13 03:39,2019-03-13 03:40,12,18,15.21,1.52
2019-03-13 03:40,2019-03-13 03:41,12,18,15.29,1.53
2019-03-13 03:41,2019-03-13 03:42,12,18,15.25,1.53
2019-03-13 03:42,2019-03-13 03:43,12,18,15.06,1.48
2019-03-13 03:43,2019-03-13 03:44,12,18,14.92,1.37
2019-03-13 03:44,2019-03-13 03:45,12,18,14.67,1.38
2019-03-13 03:45,2019-03-13 03:46,12,18,12.07,0.48
2019-03-13 03:46,2019-03-13 03:47,12,18,14.04,1.81
2019-03-13 03:47,2019-03-13 03:48,12,21,14.70,1.73
2019-03-13 03:48,2019-03-13 03:49,12,27,15.02,1.81
2019-03-13 03:49,2019-03-13 03:50,12,18,14.13,1.67
2019-03-13 03:50,2019-03-13 03:51,12,18,12.81,1.38
2019-03-13 03:51,2019-03-13 03:52,12,21,15.23,1.56
2019-03-13 03:52,2019-03-13 03:53,12,18,14.59,1.50
2019-03-13 03:53,2019-03-13 03:54,12,18,13.41,1.59
2019-03-13 03:54,2019-03-13 03:55,12,18,14.19,1.63
2019-03-13 03:55,2019-03-13 03:56,12,18,13.62,1.71
2019-03-13 03:56,2019-03-13 03:57,12,21,13.18,1.64
2019-03-13 03:57,2019-03-13 03:58,12,15,12.02,0.26
2019-03-13 03:58,2019-03-13 03:59,12,18,14.31,1.43
2019-03-13 03:59,2019-03-13 04:00,12,18,13.74,1.49
2019-03-13 04:00,2019-03-13 04:01,12,18,14.23,1.40
2019-03-13 04:01,2019-03-13 04:02,12,18,13.72,1.48
2019-03-13 04:02,2019-03-13 04:03,12,18,13.97,1.52
2019-03-13 04:03,2019-03-13 04:04,12,18,12.32,0.93
2019-03-13 04:04,2019-03-13 04:05,12,15,12.05,0.39
2019-03-13 04:05,2019-03-13 04:06,12,15,12.03,0.29
2019-03-13 04:06,2019-03-13 04:07,12,12,12.00,0.00
2019-03-13 04:07,2019-03-13 04:08,12,12,12.00,0.00
2019-03-13 04:08,2019-03-13 04:09,12,18,12.40,1.07
2019-03-13 04:09,2019-03-13 04:10,12,18,15.17,1.55
2019-03-13 04:10,2019-03-13 04:11,12,18,14.93,1.50
2019-03-13 04:11,2019-03-13 04:12,12,18,15.24,1.51
2019-03-13 04:12,2019-03-13 04:13,12,18,15.24,1.53
2019-03-13 04:13,2019-03-13 04:14,12,18,15.28,1.52
2019-03-13 04:14,2019-03-13 04:15,12,18,14.45,1.83
2019-03-13 04:15,2019-03-13 04:16,12,21,14.24,2.15
2019-03-13 04:16,2019-03-13 04:17,12,18,14.84,1.62
2019-03-13 04:17,2019-03-13 04:18,12,18,15.17,1.50
2019-03-13 04:18,2019-03-13 04:19,12,18,15.19,1.43
2019-03-13 04:19,2019-03-13 04:20,12,18,15.47,1.61
2019-03-13 04:20,2019-03-13 04:21,12,18,15.56,1.65
2019-03-13 04:21,2019-03-13 04:22,12,18,15.54,1.62
2019-03-13 04:22,2019-03-13 04:23,12,18,15.50,1.61
2019-03-13 04:23,2019-03-13 04:24,12,21,15.55,1.64
2019-03-13 04:24,2019-03-13 04:25,12,18,14.27,1.64
2019-03-13 04:25,2019-03-13 04:26,12,18,15.37,1.61
2019-03-13 04:26,2019-03-13 04:27,12,18,15.37,1.65
2019-03-13 04:27,2019-03-13 04:28,12,18,15.33,1.59
2019-03-13 04:28,2019-03-13 04:29,12,18,15.34,1.70
2019-03-13 04:29,2019-03-13 04:30,12,21,15.46,1.70
2019-03-13 04:30,2019-03-13 04:31,12,18,15.55,1.68
2019-03-13 04:31,2019-03-13 04:32,12,18,15.26,1.71
2019-03-13 04:32,2019-03-13 04:33,12,18,15.66,1.67
2019-03-13 04:33,2019-03-13 04:34,12,18,15.51,1.64
2019-03-13 04:34,2019-03-13 04:35,12,18,15.60,1.72
2019-03-13 04:35,2019-03-13 04:36,12,18,15.66,1.68
2019-03-13 04:36,2019-03-13 04:37,12,18,15.15,1.61
2019-03-13 04:37,2019-03-13 04:38,12,18,13.86,1.60
2019-03-13 04:38,2019-03-13 04:39,12,18,13.22,1.51
2019-03-13 04:39,2019-03-13 04:40,12,18,14.92,1.54
2019-03-13 04:40,2019-03-13 04:41,12,18,15.52,1.69
2019-03-13 04:41,2019-03-13 04:42,12,18,15.89,1.75
2019-03-13 04:42,2019-03-13 04:43,12,18,15.77,1.73
2019-03-13 04:43,2019-03-13 04:44,12,18,15.63,1.66
2019-03-13 04:44,2019-03-13 04:45,12,18,15.73,1.72
2019-03-13 04:45,2019-03-13 04:46,12,18,15.72,1.71
2019-03-13 04:46,2019-03-13 04:47,12,18,15.77,1.75
2019-03-13 04:47,2019-03-13 04:48,12,18,15.70,1.69
2019-03-13 04:48,2019-03-13 04:49,12,18,15.78,1.73
2019-03-13 04:49,2019-03-13 04:50,12,18,15.79,1.76
2019-03-13 04:50,2019-03-13 04:51,12,18,15.62,1.70
2019-03-13 04:51,2019-03-13 04:52,12,18,13.44,1.65
2019-03-13 04:52,2019-03-13 04:53,9,18,12.42,1.05
2019-03-13 04:53,2019-03-13 04:54,12,18,15.34,1.83
2019-03-13 04:54,2019-03-13 04:55,12,18,15.24,1.61
2019-03-13 04:55,2019-03-13 04:56,12,18,15.43,1.59
2019-03-13 04:56,2019-03-13 04:57,12,18,15.51,1.70
2019-03-13 04:57,2019-03-13 04:58,12,18,13.19,1.72
2019-03-13 04:58,2019-03-13 04:59,12,21,13.14,1.80
2019-03-13 04:59,2019-03-13 05:00,12,31,16.57,3.39
2019-03-13 05:00,2019-03-13 05:01,12,27,17.90,3.23
2019-03-13 05:01,2019-03-13 05:02,12,27,13.41,2.21
2019-03-13 05:02,2019-03-13 05:03,12,15,12.00,0.05
2019-03-13 05:03,2019-03-13 05:04,12,15,12.01,0.19
2019-03-13 05:04,2019-03-13 05:05,12,18,12.09,0.53
2019-03-13 05:05,2019-03-13 05:06,12,21,13.13,1.85
2019-03-13 05:06,2019-03-13 05:07,12,15,12.05,0.38
2019-03-13 05:07,2019-03-13 05:08,12,12,12.00,0.00
2019-03-13 05:08,2019-03-13 05:09,12,12,12.00,0.00
2019-03-13 05:09,2019-03-13 05:10,12,12,12.00,0.00
2019-03-13 05:10,2019-03-13 05:11,12,12,12.00,0.00
2019-03-13 05:11,2019-03-13 05:12,12,12,12.00,0.00
2019-03-13 05:12,2019-03-13 05:13,12,15,12.01,0.13
2019-03-13 05:13,2019-03-13 05:14,12,15,12.05,0.38
2019-03-13 05:14,2019-03-13 05:15,12,15,12.00,0.05
2019-03-13 05:15,2019-03-13 05:16,12,15,12.05,0.38
2019-03-13 05:16,2019-03-13 05:17,12,15,12.03,0.31
2019-03-13 05:17,2019-03-13 05:18,12,18,13.77,1.65
2019-03-13 05:18,2019-03-13 05:19,12,18,14.42,1.52
2019-03-13 05:19,2019-03-13 05:20,12,18,13.67,1.52
2019-03-13 05:20,2019-03-13 05:21,12,18,13.60,1.55
2019-03-13 05:21,2019-03-13 05:22,12,18,13.41,1.50
2019-03-13 05:22,2019-03-13 05:23,12,18,14.06,1.63
2019-03-13 05:23,2019-03-13 05:24,12,18,15.00,1.55
2019-03-13 05:24,2019-03-13 05:25,12,21,15.63,1.68
2019-03-13 05:25,2019-03-13 05:26,12,18,15.63,1.67
2019-03-13 05:26,2019-03-13 05:27,12,18,15.85,1.71
2019-03-13 05:27,2019-03-13 05:28,12,21,15.80,1.72
2019-03-13 05:28,2019-03-13 05:29,12,21,16.04,1.79
2019-03-13 05:29,2019-03-13 05:30,12,24,16.37,2.14
2019-03-13 05:30,2019-03-13 05:31,12,21,16.19,1.83
2019-03-13 05:31,2019-03-13 05:32,12,21,15.69,1.83
2019-03-13 05:32,2019-03-13 05:33,12,18,15.18,1.68
2019-03-13 05:33,2019-03-13 05:34,12,18,15.53,1.72
2019-03-13 05:34,2019-03-13 05:35,12,18,15.48,1.67
2019-03-13 05:35,2019-03-13 05:36,12,18,15.57,1.69
2019-03-13 05:36,2019-03-13 05:37,12,18,15.50,1.65
2019-03-13 05:37,2019-03-13 05:38,12,18,15.70,1.73
2019-03-13 05:38,2019-03-13 05:39,12,18,15.00,1.66
2019-03-13 05:39,2019-03-13 05:40,12,21,15.63,1.82
2019-03-13 05:40,2019-03-13 05:41,12,21,16.24,1.80
2019-03-13 05:41,2019-03-13 05:42,12,21,15.57,1.75
2019-03-13 05:42,2019-03-13 05:43,12,18,14.89,1.61
2019-03-13 05:43,2019-03-13 05:44,12,18,14.33,1.53
2019-03-13 05:44,2019-03-13 05:45,12,21,12.91,1.44
2019-03-13 05:45,2019-03-13 05:46,12,18,13.51,1.58
2019-03-13 05:46,2019-03-13 05:47,12,18,12.66,1.24
2019-03-13 05:47,2019-03-13 05:48,12,18,13.00,1.43
2019-03-13 05:48,2019-03-13 05:49,12,18,13.12,1.45
2019-03-13 05:49,2019-03-13 05:50,12,15,12.14,0.63
2019-03-13 05:50,2019-03-13 05:51,12,15,12.02,0.22
2019-03-13 05:51,2019-03-13 05:52,12,18,12.66,1.26
2019-03-13 05:52,2019-03-13 05:53,12,15,12.26,0.84
2019-03-13 05:53,2019-03-13 05:54,12,18,12.60,1.24
2019-03-13 05:54,2019-03-13 05:55,12,18,13.09,1.51
2019-03-13 05:55,2019-03-13 05:56,12,18,12.66,1.25
2019-03-13 05:56,2019-03-13 05:57,12,18,12.42,1.05
2019-03-13 05:57,2019-03-13 05:58,12,18,12.68,1.32
2019-03-13 05:58,2019-03-13 05:59,12,18,14.29,1.69
2019-03-13 05:59,2019-03-13 06:00,12,18,13.82,1.61
2019-03-13 06:00,2019-03-13 06:01,12,18,13.98,1.51
2019-03-13 06:01,2019-03-13 06:02,12,18,13.93,1.53
2019-03-13 06:02,2019-03-13 06:03,12,18,14.32,1.50
2019-03-13 06:03,2019-03-13 06:04,12,18,13.65,1.56
2019-03-13 06:04,2019-03-13 06:05,12,21,14.85,1.48
2019-03-13 06:05,2019-03-13 06:06,12,18,14.91,1.53
2019-03-13 06:06,2019-03-13 06:07,12,18,14.61,1.60
2019-03-13 06:07,2019-03-13 06:08,12,18,13.89,1.49
2019-03-13 06:08,2019-03-13 06:09,12,18,14.20,1.55
2019-03-13 06:09,2019-03-13 06:10,12,18,13.77,1.59
2019-03-13 06:10,2019-03-13 06:11,12,18,14.13,1.56
2019-03-13 06:11,2019-03-13 06:12,12,18,14.79,1.42
2019-03-13 06:12,2019-03-13 06:13,12,18,14.86,1.55
2019-03-13 06:13,2019-03-13 06:14,12,18,15.06,1.59
2019-03-13 06:14,2019-03-13 06:15,12,18,14.02,1.48
2019-03-13 06:15,2019-03-13 06:16,12,18,14.69,1.47
2019-03-13 06:16,2019-03-13 06:17,12,18,15.15,1.51
2019-03-13 06:17,2019-03-13 06:18,12,18,13.90,1.52
2019-03-13 06:18,2019-03-13 06:19,12,18,13.63,1.52
2019-03-13 06:19,2019-03-13 06:20,12,18,14.67,1.42
2019-03-13 06:20,2019-03-13 06:21,12,18,14.63,1.60
2019-03-13 06:21,2019-03-13 06:22,12,18,14.39,1.75
2019-03-13 06:22,2019-03-13 06:23,12,18,14.58,1.84
2019-03-13 06:23,2019-03-13 06:24,12,18,14.00,1.46
2019-03-13 06:24,2019-03-13 06:25,12,18,13.92,1.47
2019-03-13 06:25,2019-03-13 06:26,12,18,14.36,1.49
2019-03-13 06:26,2019-03-13 06:27,12,18,14.19,1.52
2019-03-13 06:27,2019-03-13 06:28,12,18,15.32,1.79
2019-03-13 06:28,2019-03-13 06:29,12,18,15.58,1.73
2019-03-13 06:29,2019-03-13 06:30,12,18,15.16,1.50
2019-03-13 06:30,2019-03-13 06:31,12,18,15.93,1.69
2019-03-13 06:31,2019-03-13 06:32,12,18,15.40,1.58
2019-03-13 06:32,2019-03-13 06:33,12,18,15.43,1.55
2019-03-13 06:33,2019-03-13 06:34,12,18,14.87,1.41
2019-03-13 06:34,2019-03-13 06:35,12,18,14.92,1.32
2019-03-13 06:35,2019-03-13 06:36,12,18,14.92,1.39
2019-03-13 06:36,2019-03-13 06:37,12,18,15.58,1.61
2019-03-13 06:37,2019-03-13 06:38,12,18,15.20,1.43
2019-03-13 06:38,2019-03-13 06:39,12,18,15.50,1.56
2019-03-13 06:39,2019-03-13 06:40,12,18,15.50,1.57
2019-03-13 06:40,2019-03-13 06:41,12,18,15.36,1.48
2019-03-13 06:41,2019-03-13 06:42,12,18,15.73,1.70
2019-03-13 06:42,2019-03-13 06:43,12,18,15.52,1.57
2019-03-13 06:43,2019-03-13 06:44,12,18,15.94,1.69
2019-03-13 06:44,2019-03-13 06:45,12,18,15.89,1.67
2019-03-13 06:45,2019-03-13 06:46,12,18,15.40,1.52
2019-03-13 06:46,2019-03-13 06:47,12,18,15.61,1.59
2019-03-13 06:47,2019-03-13 06:48,12,18,15.92,1.68
2019-03-13 06:48,2019-03-13 06:49,12,18,16.15,1.70
2019-03-13 06:49,2019-03-13 06:50,12,18,16.15,1.73
2019-03-13 06:50,2019-03-13 06:51,12,18,16.22,1.76
2019-03-13 06:51,2019-03-13 06:52,12,18,16.44,1.66
2019-03-13 06:52,2019-03-13 06:53,12,18,16.16,1.72
2019-03-13 06:53,2019-03-13 06:54,12,18,16.48,1.71
2019-03-13 06:54,2019-03-13 06:55,12,21,16.90,1.74
2019-03-13 06:55,2019-03-13 06:56,12,18,15.88,1.68
2019-03-13 06:56,2019-03-13 06:57,12,18,15.69,1.61
2019-03-13 06:57,2019-03-13 06:58,12,18,16.44,1.68
2019-03-13 06:58,2019-03-13 06:59,12,21,16.54,1.71
2019-03-13 06:59,2019-03-13 07:00,12,21,17.10,1.59
2019-03-13 07:00,2019-03-13 07:01,12,21,17.64,1.72
2019-03-13 07:01,2019-03-13 07:02,12,24,18.30,1.85
2019-03-13 07:02,2019-03-13 07:03,12,24,17.89,1.80
2019-03-13 07:03,2019-03-13 07:04,12,24,17.88,1.97
2019-03-13 07:04,2019-03-13 07:05,12,31,19.72,3.21
2019-03-13 07:05,2019-03-13 07:06,12,31,17.47,2.28
2019-03-13 07:06,2019-03-13 07:07,12,24,17.69,2.04
2019-03-13 07:07,2019-03-13 07:08,12,21,17.23,1.76
2019-03-13 07:08,2019-03-13 07:09,12,21,17.84,1.75
2019-03-13 07:09,2019-03-13 07:10,12,21,16.72,1.74
2019-03-13 07:10,2019-03-13 07:11,12,21,17.27,1.75
2019-03-13 07:11,2019-03-13 07:12,12,21,16.03,1.77
2019-03-13 07:12,2019-03-13 07:13,12,21,17.49,1.90
2019-03-13 07:13,2019-03-13 07:14,12,24,18.21,2.13
2019-03-13 07:14,2019-03-13 07:15,12,24,18.16,2.07
2019-03-13 07:15,2019-03-13 07:16,12,21,17.28,1.87
2019-03-13 07:16,2019-03-13 07:17,12,24,17.98,2.05
2019-03-13 07:17,2019-03-13 07:18,12,21,17.42,1.70
2019-03-13 07:18,2019-03-13 07:19,12,21,16.97,1.71
2019-03-13 07:19,2019-03-13 07:20,12,24,17.55,1.87
2019-03-13 07:20,2019-03-13 07:21,12,21,16.86,1.71
2019-03-13 07:21,2019-03-13 07:22,12,21,17.10,1.71
2019-03-13 07:22,2019-03-13 07:23,12,21,16.23,1.80
2019-03-13 07:23,2019-03-13 07:24,12,21,16.19,1.80
2019-03-13 07:24,2019-03-13 07:25,12,21,16.85,1.92
2019-03-13 07:25,2019-03-13 07:26,12,24,17.67,2.05
2019-03-13 07:26,2019-03-13 07:27,12,31,16.32,2.00
2019-03-13 07:27,2019-03-13 07:28,12,21,15.95,1.75
2019-03-13 07:28,2019-03-13 07:29,12,21,16.49,1.86
2019-03-13 07:29,2019-03-13 07:30,12,21,16.30,1.80
2019-03-13 07:30,2019-03-13 07:31,12,21,15.92,1.73
2019-03-13 07:31,2019-03-13 07:32,12,18,15.65,1.66
2019-03-13 07:32,2019-03-13 07:33,12,21,15.71,1.68
2019-03-13 07:33,2019-03-13 07:34,12,18,15.61,1.66
2019-03-13 07:34,2019-03-13 07:35,12,18,15.93,1.72
2019-03-13 07:35,2019-03-13 07:36,12,18,15.80,1.69
2019-03-13 07:36,2019-03-13 07:37,12,18,15.77,1.68
2019-03-13 07:37,2019-03-13 07:38,12,21,15.70,1.66
2019-03-13 07:38,2019-03-13 07:39,12,21,15.86,1.73
2019-03-13 07:39,2019-03-13 07:40,12,21,15.98,1.75
2019-03-13 07:40,2019-03-13 07:41,12,21,16.36,1.82
2019-03-13 07:41,2019-03-13 07:42,12,24,16.75,2.06
2019-03-13 07:42,2019-03-13 07:43,12,34,19.50,3.87
2019-03-13 07:43,2019-03-13 07:44,18,55,35.92,5.42
2019-03-13 07:44,2019-03-13 07:45,15,70,34.75,12.49
2019-03-13 07:45,2019-03-13 07:46,12,27,16.53,2.32
2019-03-13 07:46,2019-03-13 07:47,12,18,15.92,1.72
2019-03-13 07:47,2019-03-13 07:48,12,18,16.00,1.73
2019-03-13 07:48,2019-03-13 07:49,12,18,15.66,1.64
2019-03-13 07:49,2019-03-13 07:50,12,21,15.84,1.71
2019-03-13 07:50,2019-03-13 07:51,12,24,15.96,1.76
2019-03-13 07:51,2019-03-13 07:52,12,18,15.42,1.58
2019-03-13 07:52,2019-03-13 07:53,12,18,15.29,1.55
2019-03-13 07:53,2019-03-13 07:54,12,18,15.61,1.67
2019-03-13 07:54,2019-03-13 07:55,12,18,15.31,1.55
2019-03-13 07:55,2019-03-13 07:56,12,21,15.08,1.46
2019-03-13 07:56,2019-03-13 07:57,12,18,15.06,1.42
2019-03-13 07:57,2019-03-13 07:58,12,18,15.04,1.42
2019-03-13 07:58,2019-03-13 07:59,12,18,14.99,1.36
2019-03-13 07:59,2019-03-13 08:00,12,18,15.05,1.38
2019-03-13 08:00,2019-03-13 08:01,12,34,16.27,3.23
2019-03-13 08:01,2019-03-13 08:02,12,24,15.27,1.76
2019-03-13 08:02,2019-03-13 08:03,12,18,15.00,1.39
2019-03-13 08:03,2019-03-13 08:04,12,34,17.55,3.05
2019-03-13 08:04,2019-03-13 08:05,12,34,20.47,3.54
2019-03-13 08:05,2019-03-13 08:06,15,49,28.97,5.75
2019-03-13 08:06,2019-03-13 08:07,15,46,26.23,4.52
2019-03-13 08:07,2019-03-13 08:08,15,67,43.77,9.55
2019-03-13 08:08,2019-03-13 08:09,12,58,19.51,8.47
2019-03-13 08:09,2019-03-13 08:10,12,70,21.52,9.89
2019-03-13 08:10,2019-03-13 08:11,12,88,35.45,21.88
2019-03-13 08:11,2019-03-13 08:12,15,76,40.55,13.80
2019-03-13 08:12,2019-03-13 08:13,12,34,16.33,3.19
2019-03-13 08:13,2019-03-13 08:14,12,21,15.34,1.54
2019-03-13 08:14,2019-03-13 08:15,12,27,17.25,2.28
2019-03-13 08:15,2019-03-13 08:16,12,24,16.06,2.03
2019-03-13 08:16,2019-03-13 08:17,12,58,16.25,3.01
2019-03-13 08:17,2019-03-13 08:18,12,177,25.65,18.70
2019-03-13 08:18,2019-03-13 08:19,12,52,16.86,4.90
2019-03-13 08:19,2019-03-13 08:20,12,88,20.43,8.40
2019-03-13 08:20,2019-03-13 08:21,12,95,26.76,14.76
2019-03-13 08:21,2019-03-13 08:22,12,58,17.60,5.48
2019-03-13 08:22,2019-03-13 08:23,12,61,19.83,7.77
2019-03-13 08:23,2019-03-13 08:24,12,18,15.06,1.61
2019-03-13 08:24,2019-03-13 08:25,12,21,14.52,1.39
2019-03-13 08:25,2019-03-13 08:26,12,92,16.54,6.92
2019-03-13 08:26,2019-03-13 08:27,12,79,15.99,3.68
2019-03-13 08:27,2019-03-13 08:28,12,268,73.93,57.04
2019-03-13 08:28,2019-03-13 08:29,168,339,290.72,23.59
2019-03-13 08:29,2019-03-13 08:30,12,296,64.94,72.15
2019-03-13 08:30,2019-03-13 08:31,12,128,33.33,21.53
2019-03-13 08:31,2019-03-13 08:32,12,180,47.24,39.73
2019-03-13 08:32,2019-03-13 08:33,12,64,19.31,6.89
2019-03-13 08:33,2019-03-13 08:34,12,235,50.74,37.98
2019-03-13 08:34,2019-03-13 08:35,12,52,19.20,6.74
2019-03-13 08:35,2019-03-13 08:36,12,40,15.18,2.37
2019-03-13 08:36,2019-03-13 08:37,12,101,15.55,5.51
2019-03-13 08:37,2019-03-13 08:38,12,55,15.13,3.01
2019-03-13 08:38,2019-03-13 08:39,12,18,14.46,1.39
2019-03-13 08:39,2019-03-13 08:40,12,31,16.25,3.03
2019-03-13 08:40,2019-03-13 08:41,12,18,15.30,1.52
2019-03-13 08:41,2019-03-13 08:42,12,40,19.32,4.63
2019-03-13 08:42,2019-03-13 08:43,18,122,51.29,25.62
2019-03-13 08:43,2019-03-13 08:44,12,85,22.54,11.01
2019-03-13 08:44,2019-03-13 08:45,12,40,15.71,2.79
2019-03-13 08:45,2019-03-13 08:46,12,18,14.58,1.32
2019-03-13 08:46,2019-03-13 08:47,12,27,14.57,1.47
2019-03-13 08:47,2019-03-13 08:48,12,40,14.66,1.82
2019-03-13 08:48,2019-03-13 08:49,12,18,14.40,1.37
2019-03-13 08:49,2019-03-13 08:50,12,18,14.48,1.38
2019-03-13 08:50,2019-03-13 08:51,12,55,15.29,2.89
2019-03-13 08:51,2019-03-13 08:52,12,18,14.52,1.35
2019-03-13 08:52,2019-03-13 08:53,12,18,14.42,1.39
2019-03-13 08:53,2019-03-13 08:54,12,18,14.47,1.32
2019-03-13 08:54,2019-03-13 08:55,12,18,14.44,1.35
2019-03-13 08:55,2019-03-13 08:56,12,18,14.40,1.36
2019-03-13 08:56,2019-03-13 08:57,12,34,14.68,1.97
2019-03-13 08:57,2019-03-13 08:58,12,18,14.33,1.32
2019-03-13 08:58,2019-03-13 08:59,12,21,14.46,1.46
2019-03-13 08:59,2019-03-13 09:00,12,134,23.49,22.76
2019-03-13 09:00,2019-03-13 09:01,12,18,14.49,1.35
2019-03-13 09:01,2019-03-13 09:02,12,18,14.33,1.35
2019-03-13 09:02,2019-03-13 09:03,12,18,14.39,1.33
2019-03-13 09:03,2019-03-13 09:04,12,18,14.56,1.34
2019-03-13 09:04,2019-03-13 09:05,12,18,14.40,1.36
2019-03-13 09:05,2019-03-13 09:06,12,18,14.59,1.35
2019-03-13 09:06,2019-03-13 09:07,12,27,17.60,2.36
2019-03-13 09:07,2019-03-13 09:08,12,52,27.59,8.03
2019-03-13 09:08,2019-03-13 09:09,12,113,18.65,11.66
2019-03-13 09:09,2019-03-13 09:10,12,27,15.05,1.59
2019-03-13 09:10,2019-03-13 09:11,12,275,73.74,61.88
2019-03-13 09:11,2019-03-13 09:12,113,326,235.77,50.96
2019-03-13 09:12,2019-03-13 09:13,12,137,32.83,23.10
2019-03-13 09:13,2019-03-13 09:14,12,24,14.70,1.42
2019-03-13 09:14,2019-03-13 09:15,12,21,15.04,1.45
2019-03-13 09:15,2019-03-13 09:16,12,18,14.71,1.33
2019-03-13 09:16,2019-03-13 09:17,12,24,15.96,2.02
2019-03-13 09:17,2019-03-13 09:18,12,27,16.20,2.58
2019-03-13 09:18,2019-03-13 09:19,12,21,15.16,1.46
2019-03-13 09:19,2019-03-13 09:20,12,101,16.63,6.41
2019-03-13 09:20,2019-03-13 09:21,12,18,15.40,1.57
2019-03-13 09:21,2019-03-13 09:22,12,40,15.60,1.78
2019-03-13 09:22,2019-03-13 09:23,12,46,16.10,2.25
2019-03-13 09:23,2019-03-13 09:24,12,49,17.01,2.94
2019-03-13 09:24,2019-03-13 09:25,12,55,16.80,3.01
2019-03-13 09:25,2019-03-13 09:26,12,67,19.99,8.39
2019-03-13 09:26,2019-03-13 09:27,12,73,20.65,8.40
2019-03-13 09:27,2019-03-13 09:28,12,46,17.86,3.19
2019-03-13 09:28,2019-03-13 09:29,12,24,16.40,2.20
2019-03-13 09:29,2019-03-13 09:30,12,92,18.54,9.68
2019-03-13 09:30,2019-03-13 09:31,12,76,28.36,12.33
2019-03-13 09:31,2019-03-13 09:32,12,98,19.26,5.49
2019-03-13 09:32,2019-03-13 09:33,12,61,26.34,7.26
2019-03-13 09:33,2019-03-13 09:34,27,204,111.77,46.26
2019-03-13 09:34,2019-03-13 09:35,12,95,33.41,15.63
2019-03-13 09:35,2019-03-13 09:36,12,34,17.45,2.45
2019-03-13 09:36,2019-03-13 09:37,12,98,34.14,22.28
2019-03-13 09:37,2019-03-13 09:38,15,351,111.98,64.31
2019-03-13 09:38,2019-03-13 09:39,12,512,181.53,170.08
2019-03-13 09:39,2019-03-13 09:40,12,101,23.67,12.50
2019-03-13 09:40,2019-03-13 09:41,12,342,38.13,48.08
2019-03-13 09:41,2019-03-13 09:42,12,214,29.60,28.93
2019-03-13 09:42,2019-03-13 09:43,12,21,16.33,1.88
2019-03-13 09:43,2019-03-13 09:44,12,21,16.15,1.79
2019-03-13 09:44,2019-03-13 09:45,12,21,16.22,1.84
2019-03-13 09:45,2019-03-13 09:46,12,314,86.44,88.54
2019-03-13 09:46,2019-03-13 09:47,12,104,19.94,8.57
2019-03-13 09:47,2019-03-13 09:48,12,21,15.99,1.80
2019-03-13 09:48,2019-03-13 09:49,12,18,15.89,1.76
2019-03-13 09:49,2019-03-13 09:50,12,79,16.81,4.06
2019-03-13 09:50,2019-03-13 09:51,12,592,147.75,153.64
2019-03-13 09:51,2019-03-13 09:52,12,55,18.35,4.89
2019-03-13 09:52,2019-03-13 09:53,12,27,17.46,2.61
2019-03-13 09:53,2019-03-13 09:54,12,189,89.89,54.91
2019-03-13 09:54,2019-03-13 09:55,61,137,118.07,9.54
2019-03-13 09:55,2019-03-13 09:56,12,174,28.62,34.53
2019-03-13 09:56,2019-03-13 09:57,12,27,16.69,2.18
2019-03-13 09:57,2019-03-13 09:58,12,34,17.14,2.33
2019-03-13 09:58,2019-03-13 09:59,12,43,22.42,4.11
2019-03-13 09:59,2019-03-13 10:00,12,76,24.37,8.30
2019-03-13 10:00,2019-03-13 10:01,12,31,20.93,2.85
2019-03-13 10:01,2019-03-13 10:02,12,67,19.77,6.79
2019-03-13 10:02,2019-03-13 10:03,12,37,17.49,2.57
2019-03-13 10:03,2019-03-13 10:04,12,101,25.37,11.84
2019-03-13 10:04,2019-03-13 10:05,12,34,18.56,3.44
2019-03-13 10:05,2019-03-13 10:06,12,27,17.49,2.32
2019-03-13 10:06,2019-03-13 10:07,12,21,16.95,2.09
2019-03-13 10:07,2019-03-13 10:08,12,119,26.36,18.17
2019-03-13 10:08,2019-03-13 10:09,15,52,23.52,4.46
2019-03-13 10:09,2019-03-13 10:10,12,146,26.91,15.30
2019-03-13 10:10,2019-03-13 10:11,12,24,17.13,2.15
2019-03-13 10:11,2019-03-13 10:12,12,27,17.37,2.50
2019-03-13 10:12,2019-03-13 10:13,12,49,26.07,7.36
2019-03-13 10:13,2019-03-13 10:14,12,34,18.58,2.83
2019-03-13 10:14,2019-03-13 10:15,12,43,17.10,2.48
2019-03-13 10:15,2019-03-13 10:16,12,58,17.55,3.80
2019-03-13 10:16,2019-03-13 10:17,12,125,41.06,22.55
2019-03-13 10:17,2019-03-13 10:18,12,214,63.61,45.56
2019-03-13 10:18,2019-03-13 10:19,46,342,267.86,93.42
2019-03-13 10:19,2019-03-13 10:20,12,317,139.48,100.01
2019-03-13 10:20,2019-03-13 10:21,12,85,32.70,15.68
2019-03-13 10:21,2019-03-13 10:22,12,46,19.45,4.65
2019-03-13 10:22,2019-03-13 10:23,12,159,62.54,34.83
2019-03-13 10:23,2019-03-13 10:24,12,67,17.31,4.72
2019-03-13 10:24,2019-03-13 10:25,12,40,16.74,2.23
2019-03-13 10:25,2019-03-13 10:26,12,64,18.39,5.20
2019-03-13 10:26,2019-03-13 10:27,12,223,22.35,19.16
2019-03-13 10:27,2019-03-13 10:28,12,204,33.94,41.36
2019-03-13 10:28,2019-03-13 10:29,12,64,20.77,7.41
2019-03-13 10:29,2019-03-13 10:30,12,125,31.02,14.49
2019-03-13 10:30,2019-03-13 10:31,12,619,117.78,170.91
2019-03-13 10:31,2019-03-13 10:32,12,552,66.35,72.66
2019-03-13 10:32,2019-03-13 10:33,12,232,34.99,40.95
2019-03-13 10:33,2019-03-13 10:34,12,98,19.12,5.53
2019-03-13 10:34,2019-03-13 10:35,12,88,32.71,13.94
2019-03-13 10:35,2019-03-13 10:36,15,34,21.60,2.57
2019-03-13 10:36,2019-03-13 10:37,12,79,23.49,4.70
2019-03-13 10:37,2019-03-13 10:38,12,168,23.87,13.28
2019-03-13 10:38,2019-03-13 10:39,12,192,32.28,23.76
2019-03-13 10:39,2019-03-13 10:40,12,162,26.37,23.74
2019-03-13 10:40,2019-03-13 10:41,12,247,28.76,31.60
2019-03-13 10:41,2019-03-13 10:42,12,31,18.50,2.45
2019-03-13 10:42,2019-03-13 10:43,12,31,20.26,3.02
2019-03-13 10:43,2019-03-13 10:44,12,37,17.75,2.47
2019-03-13 10:44,2019-03-13 10:45,12,46,18.42,2.76
2019-03-13 10:45,2019-03-13 10:46,12,21,17.48,2.15
2019-03-13 10:46,2019-03-13 10:47,12,37,18.46,3.14
2019-03-13 10:47,2019-03-13 10:48,12,52,23.49,7.53
2019-03-13 10:48,2019-03-13 10:49,12,24,17.87,2.19
2019-03-13 10:49,2019-03-13 10:50,12,24,17.49,2.22
2019-03-13 10:50,2019-03-13 10:51,12,186,32.38,30.54
2019-03-13 10:51,2019-03-13 10:52,15,149,58.00,28.96
2019-03-13 10:52,2019-03-13 10:53,18,247,112.83,60.01
2019-03-13 10:53,2019-03-13 10:54,12,98,36.17,17.13
2019-03-13 10:54,2019-03-13 10:55,12,61,19.95,6.71
2019-03-13 10:55,2019-03-13 10:56,12,76,23.82,12.64
2019-03-13 10:56,2019-03-13 10:57,12,119,54.23,24.13
2019-03-13 10:57,2019-03-13 10:58,12,49,21.76,6.07
2019-03-13 10:58,2019-03-13 10:59,12,275,108.39,49.46
2019-03-13 10:59,2019-03-13 11:00,113,290,162.71,28.11
2019-03-13 11:00,2019-03-13 11:01,43,186,125.22,18.69
2019-03-13 11:01,2019-03-13 11:02,85,598,240.49,120.64
2019-03-13 11:02,2019-03-13 11:03,27,561,220.53,113.32
2019-03-13 11:03,2019-03-13 11:04,79,275,134.17,26.47
2019-03-13 11:04,2019-03-13 11:05,46,244,112.52,33.13
2019-03-13 11:06,2019-03-13 11:07,21,332,110.65,58.71
2019-03-13 11:07,2019-03-13 11:08,12,195,44.12,38.74
2019-03-13 11:08,2019-03-13 11:09,12,98,30.45,22.28
2019-03-13 11:09,2019-03-13 11:10,12,21,18.30,2.09
2019-03-13 11:10,2019-03-13 11:11,12,92,21.36,12.71
2019-03-13 11:11,2019-03-13 11:12,12,110,34.68,26.43
2019-03-13 11:12,2019-03-13 11:13,12,165,48.24,33.20
2019-03-13 11:13,2019-03-13 11:14,12,24,18.33,2.08
2019-03-13 11:14,2019-03-13 11:15,12,95,26.94,10.12
2019-03-13 11:15,2019-03-13 11:16,12,131,26.70,19.64
2019-03-13 11:16,2019-03-13 11:17,12,95,23.55,10.61
2019-03-13 11:17,2019-03-13 11:18,12,37,20.43,2.87
2019-03-13 11:18,2019-03-13 11:19,12,31,19.46,2.37
2019-03-13 11:19,2019-03-13 11:20,12,31,19.22,2.26
2019-03-13 11:20,2019-03-13 11:21,12,27,18.82,2.22
2019-03-13 11:21,2019-03-13 11:22,12,37,18.74,2.17
2019-03-13 11:22,2019-03-13 11:23,12,37,19.32,2.54
2019-03-13 11:23,2019-03-13 11:24,12,73,21.23,7.68
2019-03-13 11:24,2019-03-13 11:25,12,49,21.06,4.41
2019-03-13 11:25,2019-03-13 11:26,12,21,18.60,2.01
2019-03-13 11:26,2019-03-13 11:27,12,24,18.67,2.13
2019-03-13 11:27,2019-03-13 11:28,12,24,18.34,2.08
2019-03-13 11:28,2019-03-13 11:29,12,21,18.22,2.06
2019-03-13 11:29,2019-03-13 11:30,12,37,19.73,3.97
2019-03-13 11:30,2019-03-13 11:31,12,21,18.15,2.05
2019-03-13 11:31,2019-03-13 11:32,12,21,18.17,2.02
2019-03-13 11:32,2019-03-13 11:33,12,21,18.13,2.06
2019-03-13 11:33,2019-03-13 11:34,12,21,18.05,2.09
2019-03-13 11:34,2019-03-13 11:35,12,21,18.09,2.07
2019-03-13 11:35,2019-03-13 11:36,12,21,18.02,2.05
2019-03-13 11:36,2019-03-13 11:37,12,21,18.00,2.07
2019-03-13 11:37,2019-03-13 11:38,12,21,18.00,2.13
2019-03-13 11:38,2019-03-13 11:39,12,21,18.15,2.08
2019-03-13 11:39,2019-03-13 11:40,12,21,18.11,2.06
2019-03-13 11:40,2019-03-13 11:41,12,21,18.15,2.06
2019-03-13 11:41,2019-03-13 11:42,12,21,18.30,1.98
2019-03-13 11:42,2019-03-13 11:43,12,21,18.43,2.00
2019-03-13 11:43,2019-03-13 11:44,12,27,18.52,2.03
2019-03-13 11:44,2019-03-13 11:45,12,27,19.28,2.25
2019-03-13 11:45,2019-03-13 11:46,12,24,18.96,2.00
2019-03-13 11:46,2019-03-13 11:47,12,24,19.03,1.97
2019-03-13 11:47,2019-03-13 11:48,12,27,19.46,2.14
2019-03-13 11:48,2019-03-13 11:49,12,31,20.57,2.94
2019-03-13 11:49,2019-03-13 11:50,12,34,21.38,3.09
2019-03-13 11:50,2019-03-13 11:51,12,24,19.17,2.12
2019-03-13 11:51,2019-03-13 11:52,12,27,19.66,2.40
2019-03-13 11:52,2019-03-13 11:53,12,31,20.77,2.61
2019-03-13 11:53,2019-03-13 11:54,12,40,21.59,2.97
2019-03-13 11:54,2019-03-13 11:55,12,27,20.84,2.44
2019-03-13 11:55,2019-03-13 11:56,12,27,19.76,2.21
2019-03-13 11:56,2019-03-13 11:57,12,31,20.24,2.78
2019-03-13 11:57,2019-03-13 11:58,15,40,22.08,4.09
2019-03-13 11:58,2019-03-13 11:59,12,58,26.22,7.62
2019-03-13 11:59,2019-03-13 12:00,12,162,43.59,33.78
2019-03-13 12:00,2019-03-13 12:01,12,177,32.39,27.85
2019-03-13 12:01,2019-03-13 12:02,12,37,20.91,2.70
2019-03-13 12:02,2019-03-13 12:03,12,24,19.36,2.08
2019-03-13 12:03,2019-03-13 12:04,12,24,19.26,2.00
2019-03-13 12:04,2019-03-13 12:05,12,204,44.02,51.60
2019-03-13 12:05,2019-03-13 12:06,12,49,21.92,3.46
2019-03-13 12:06,2019-03-13 12:07,15,43,22.63,3.72
2019-03-13 12:07,2019-03-13 12:08,15,186,64.49,43.45
2019-03-13 12:08,2019-03-13 12:09,107,393,222.28,49.37
2019-03-13 12:09,2019-03-13 12:10,15,329,114.89,66.85
2019-03-13 12:10,2019-03-13 12:11,12,24,19.74,2.21
2019-03-13 12:11,2019-03-13 12:12,12,43,20.30,2.93
2019-03-13 12:12,2019-03-13 12:13,15,88,25.82,8.94
2019-03-13 12:13,2019-03-13 12:14,15,82,23.42,7.69
2019-03-13 12:14,2019-03-13 12:15,12,107,21.13,7.13
2019-03-13 12:15,2019-03-13 12:16,15,43,23.64,6.46
2019-03-13 12:16,2019-03-13 12:17,15,49,28.57,6.72
2019-03-13 12:17,2019-03-13 12:18,15,67,29.37,6.66
2019-03-13 12:18,2019-03-13 12:19,15,134,58.76,22.75
2019-03-13 12:19,2019-03-13 12:20,15,52,22.48,5.11
2019-03-13 12:20,2019-03-13 12:21,12,37,21.37,3.58
2019-03-13 12:21,2019-03-13 12:22,12,24,20.11,2.32
2019-03-13 12:22,2019-03-13 12:23,15,31,21.10,2.72
2019-03-13 12:23,2019-03-13 12:24,15,34,20.35,2.42
2019-03-13 12:24,2019-03-13 12:25,15,27,21.09,2.45
2019-03-13 12:25,2019-03-13 12:26,15,55,22.06,3.49
2019-03-13 12:26,2019-03-13 12:27,15,430,51.53,51.04
2019-03-13 12:27,2019-03-13 12:28,15,165,23.34,11.80
2019-03-13 12:28,2019-03-13 12:29,15,107,37.40,17.58
2019-03-13 12:29,2019-03-13 12:30,15,61,25.46,5.96
2019-03-13 12:30,2019-03-13 12:31,15,195,37.59,37.36
2019-03-13 12:31,2019-03-13 12:32,15,372,135.32,88.85
2019-03-13 12:32,2019-03-13 12:33,15,461,113.19,106.68
2019-03-13 12:33,2019-03-13 12:34,15,348,113.66,65.49
2019-03-13 12:34,2019-03-13 12:35,15,293,29.79,25.00
2019-03-13 12:35,2019-03-13 12:36,15,662,248.83,238.94
2019-03-13 12:36,2019-03-13 12:37,21,735,309.35,255.38
2019-03-13 12:37,2019-03-13 12:38,18,390,92.96,81.87
2019-03-13 12:38,2019-03-13 12:39,15,360,63.69,77.66
2019-03-13 12:39,2019-03-13 12:40,15,470,100.18,131.68
2019-03-13 12:40,2019-03-13 12:41,21,607,357.79,194.54
2019-03-13 12:41,2019-03-13 12:42,15,406,77.39,88.18
2019-03-13 12:42,2019-03-13 12:43,15,458,121.43,132.90
2019-03-13 12:43,2019-03-13 12:44,15,311,66.69,63.15
2019-03-13 12:44,2019-03-13 12:45,15,570,333.92,202.05
2019-03-13 12:45,2019-03-13 12:46,40,400,113.44,72.74
2019-03-13 12:46,2019-03-13 12:47,131,683,377.58,153.75
2019-03-13 12:47,2019-03-13 12:48,55,448,153.24,80.63
2019-03-13 12:48,2019-03-13 12:49,58,381,256.23,86.15
2019-03-13 12:49,2019-03-13 12:50,119,278,177.77,28.48
2019-03-13 12:50,2019-03-13 12:51,165,278,197.32,16.10
2019-03-13 12:51,2019-03-13 12:52,24,210,129.13,56.93
2019-03-13 12:52,2019-03-13 12:53,21,146,56.28,17.99
2019-03-13 12:53,2019-03-13 12:54,18,49,31.22,4.58
2019-03-13 12:54,2019-03-13 12:55,15,58,27.56,7.34
2019-03-13 12:55,2019-03-13 12:56,15,519,157.53,173.44
2019-03-13 12:56,2019-03-13 12:57,15,360,52.91,52.70
2019-03-13 12:57,2019-03-13 12:58,15,58,24.16,5.70
2019-03-13 12:58,2019-03-13 12:59,15,131,41.12,19.08
2019-03-13 12:59,2019-03-13 13:00,15,82,32.79,11.70
2019-03-13 13:00,2019-03-13 13:01,15,58,25.29,7.55
2019-03-13 13:01,2019-03-13 13:02,15,58,25.84,6.95
2019-03-13 13:02,2019-03-13 13:03,27,146,77.74,21.19
2019-03-13 13:03,2019-03-13 13:04,43,223,128.37,35.83
2019-03-13 13:04,2019-03-13 13:05,46,262,155.42,42.79
2019-03-13 13:05,2019-03-13 13:06,37,265,148.99,54.92
2019-03-13 13:06,2019-03-13 13:07,31,326,154.96,60.33
2019-03-13 13:07,2019-03-13 13:08,15,85,29.68,14.04
2019-03-13 13:08,2019-03-13 13:09,18,49,29.04,4.71
2019-03-13 13:09,2019-03-13 13:10,15,76,42.60,10.22
2019-03-13 13:10,2019-03-13 13:11,18,329,75.21,80.65
2019-03-13 13:11,2019-03-13 13:12,210,500,402.45,57.95
2019-03-13 13:12,2019-03-13 13:13,15,473,48.71,84.12
2019-03-13 13:13,2019-03-13 13:14,15,55,22.58,3.65
2019-03-13 13:14,2019-03-13 13:15,15,73,29.47,9.58
2019-03-13 13:15,2019-03-13 13:16,15,104,25.43,9.88
2019-03-13 13:16,2019-03-13 13:17,15,76,38.48,21.51
2019-03-13 13:17,2019-03-13 13:18,15,76,25.33,5.38
2019-03-13 13:18,2019-03-13 13:19,15,149,35.75,19.03
2019-03-13 13:19,2019-03-13 13:20,18,204,59.12,45.70
2019-03-13 13:20,2019-03-13 13:21,15,467,88.48,106.02
2019-03-13 13:21,2019-03-13 13:22,31,58,44.30,4.07
2019-03-13 13:22,2019-03-13 13:23,31,165,52.37,12.41
2019-03-13 13:23,2019-03-13 13:24,15,235,41.96,29.35
2019-03-13 13:24,2019-03-13 13:25,15,564,163.80,171.50
2019-03-13 13:25,2019-03-13 13:26,18,546,96.27,103.20
2019-03-13 13:26,2019-03-13 13:27,18,104,38.81,8.94
2019-03-13 13:27,2019-03-13 13:28,27,85,51.99,10.06
2019-03-13 13:28,2019-03-13 13:29,37,156,87.71,23.01
2019-03-13 13:29,2019-03-13 13:30,82,174,125.89,15.60
2019-03-13 13:30,2019-03-13 13:31,104,174,134.78,11.09
2019-03-13 13:31,2019-03-13 13:32,98,168,129.52,9.29
2019-03-13 13:32,2019-03-13 13:33,98,165,127.04,10.69
2019-03-13 13:33,2019-03-13 13:34,116,207,154.67,15.33
2019-03-13 13:34,2019-03-13 13:35,113,192,149.21,13.41
2019-03-13 13:35,2019-03-13 13:36,92,156,120.41,11.64
2019-03-13 13:36,2019-03-13 13:37,88,180,128.55,15.98
2019-03-13 13:37,2019-03-13 13:38,110,198,149.05,13.39
2019-03-13 13:38,2019-03-13 13:39,88,189,130.28,15.91
2019-03-13 13:39,2019-03-13 13:40,88,204,139.14,24.25
2019-03-13 13:40,2019-03-13 13:41,104,217,156.40,18.05
2019-03-13 13:41,2019-03-13 13:42,70,201,119.62,24.79
2019-03-13 13:42,2019-03-13 13:43,58,220,119.50,31.24
2019-03-13 13:43,2019-03-13 13:44,76,143,107.32,10.51
2019-03-13 14:41,2019-03-13 14:42,88,180,136.37,16.09
2019-03-13 14:42,2019-03-13 14:43,92,177,122.25,12.30
2019-03-13 14:43,2019-03-13 14:44,140,207,168.75,8.29
2019-03-13 14:44,2019-03-13 14:45,40,201,96.36,44.97
2019-03-13 14:45,2019-03-13 14:46,37,159,89.10,40.36
2019-03-13 14:46,2019-03-13 14:47,34,98,51.41,10.09
2019-03-13 14:47,2019-03-13 14:48,49,143,83.21,19.73
2019-03-13 14:48,2019-03-13 14:49,67,168,124.47,15.37
2019-03-13 14:49,2019-03-13 14:50,70,168,119.94,18.51
2019-03-13 14:50,2019-03-13 14:51,24,146,77.44,41.14
2019-03-13 14:51,2019-03-13 14:52,18,43,31.00,4.64
2019-03-13 14:52,2019-03-13 14:53,18,34,26.20,2.50
2019-03-13 14:53,2019-03-13 14:54,15,31,24.18,2.56
2019-03-13 14:54,2019-03-13 14:55,15,27,22.56,2.24
2019-03-13 14:55,2019-03-13 14:56,15,27,22.75,2.26
2019-03-13 14:56,2019-03-13 14:57,15,31,22.84,2.42
2019-03-13 14:57,2019-03-13 14:58,18,31,24.82,2.29
2019-03-13 14:58,2019-03-13 14:59,18,34,26.97,3.18
2019-03-13 14:59,2019-03-13 15:00,21,34,28.23,2.74
2019-03-13 15:00,2019-03-13 15:01,24,128,90.24,28.14
2019-03-13 15:01,2019-03-13 15:02,82,128,104.18,7.69
2019-03-13 15:02,2019-03-13 15:03,95,122,107.56,4.33
2019-03-13 15:03,2019-03-13 15:04,92,125,106.97,5.72
2019-03-13 15:04,2019-03-13 15:05,70,119,99.05,8.45
2019-03-13 15:05,2019-03-13 15:06,24,85,34.80,12.66
2019-03-13 15:06,2019-03-13 15:07,21,34,26.87,2.98
2019-03-13 15:07,2019-03-13 15:08,18,27,24.15,2.28
2019-03-13 15:08,2019-03-13 15:09,18,31,24.39,2.22
2019-03-13 15:09,2019-03-13 15:10,18,34,25.83,2.63
2019-03-13 15:10,2019-03-13 15:11,18,43,28.84,3.97
2019-03-13 15:11,2019-03-13 15:12,18,95,46.58,18.81
2019-03-13 15:12,2019-03-13 15:13,18,49,31.47,5.88
2019-03-13 15:13,2019-03-13 15:14,15,49,30.59,6.48
2019-03-13 15:14,2019-03-13 15:15,12,31,20.89,2.65
2019-03-13 15:15,2019-03-13 15:16,12,27,19.00,1.96
2019-03-13 15:16,2019-03-13 15:17,12,49,19.11,3.52
2019-03-13 15:17,2019-03-13 15:18,12,24,16.75,2.04
2019-03-13 15:18,2019-03-13 15:19,12,70,25.98,8.66
2019-03-13 15:19,2019-03-13 15:20,12,149,44.83,47.44
2019-03-13 15:20,2019-03-13 15:21,12,149,22.38,26.60
2019-03-13 15:21,2019-03-13 15:22,12,58,17.57,3.77
2019-03-13 15:22,2019-03-13 15:23,12,70,19.69,9.93
2019-03-13 15:23,2019-03-13 15:24,12,46,16.68,2.61
2019-03-13 15:24,2019-03-13 15:25,12,24,16.28,1.91
2019-03-13 15:25,2019-03-13 15:26,12,131,45.87,31.40
2019-03-13 15:26,2019-03-13 15:27,12,128,27.12,16.43
2019-03-13 15:27,2019-03-13 15:28,12,73,18.29,3.59
2019-03-13 15:28,2019-03-13 15:29,12,64,22.93,9.22
2019-03-13 15:29,2019-03-13 15:30,15,92,50.69,21.77
2019-03-13 15:30,2019-03-13 15:31,12,214,46.96,45.77
2019-03-13 15:31,2019-03-13 15:32,12,67,29.96,12.17
2019-03-13 15:32,2019-03-13 15:33,15,125,52.41,26.57
2019-03-13 15:33,2019-03-13 15:34,15,250,64.50,58.57
2019-03-13 15:34,2019-03-13 15:35,12,235,51.70,53.90
2019-03-13 15:35,2019-03-13 15:36,12,27,17.68,2.34
2019-03-13 15:36,2019-03-13 15:37,12,61,19.51,5.80
2019-03-13 15:37,2019-03-13 15:38,15,64,34.26,8.88
2019-03-13 15:38,2019-03-13 15:39,12,58,22.12,5.32
2019-03-13 15:39,2019-03-13 15:40,12,128,30.68,15.71
2019-03-13 15:40,2019-03-13 15:41,12,101,29.14,13.22
2019-03-13 15:41,2019-03-13 15:42,12,34,17.76,2.83
2019-03-13 15:42,2019-03-13 15:43,12,92,19.64,8.20
2019-03-13 15:43,2019-03-13 15:44,12,21,16.83,2.07
2019-03-13 15:44,2019-03-13 15:45,12,34,17.39,2.22
2019-03-13 15:45,2019-03-13 15:46,12,21,16.31,1.88
2019-03-13 15:46,2019-03-13 15:47,12,21,17.00,2.06
2019-03-13 15:47,2019-03-13 15:48,12,73,21.71,7.34
2019-03-13 15:48,2019-03-13 15:49,12,43,19.95,3.62
2019-03-13 15:49,2019-03-13 15:50,12,156,57.11,35.73
2019-03-13 15:50,2019-03-13 15:51,12,107,20.22,7.35
2019-03-13 15:51,2019-03-13 15:52,12,104,24.57,10.14
2019-03-13 15:52,2019-03-13 15:53,12,43,18.45,2.93
2019-03-13 15:53,2019-03-13 15:54,12,73,18.66,3.00
2019-03-13 15:54,2019-03-13 15:55,12,21,16.91,2.01
2019-03-13 15:55,2019-03-13 15:56,12,21,16.74,2.01
2019-03-13 15:56,2019-03-13 15:57,12,21,16.78,2.04
2019-03-13 15:57,2019-03-13 15:58,12,21,16.95,2.12
2019-03-13 15:58,2019-03-13 15:59,12,21,17.04,2.12
2019-03-13 15:59,2019-03-13 16:00,12,21,17.06,2.13
2019-03-13 16:00,2019-03-13 16:01,12,21,16.87,2.10
2019-03-13 16:01,2019-03-13 16:02,12,21,16.82,2.02
2019-03-13 16:02,2019-03-13 16:03,12,21,16.72,2.01
2019-03-13 16:03,2019-03-13 16:04,12,21,17.01,2.05
2019-03-13 16:04,2019-03-13 16:05,12,21,17.23,2.12
2019-03-13 16:05,2019-03-13 16:06,12,21,17.98,2.12
2019-03-13 16:06,2019-03-13 16:07,12,21,18.72,1.92
2019-03-13 16:07,2019-03-13 16:08,12,24,19.25,1.90
2019-03-13 16:08,2019-03-13 16:09,12,24,19.31,1.90
2019-03-13 16:09,2019-03-13 16:10,12,24,19.06,1.85
2019-03-13 16:10,2019-03-13 16:11,15,24,19.31,1.82
2019-03-13 16:11,2019-03-13 16:12,15,24,19.53,1.92
2019-03-13 16:12,2019-03-13 16:13,15,24,19.46,1.88
2019-03-13 16:13,2019-03-13 16:14,12,24,19.13,1.84
2019-03-13 16:14,2019-03-13 16:15,15,24,19.36,1.88
2019-03-13 16:15,2019-03-13 16:16,15,24,19.63,2.01
2019-03-13 16:16,2019-03-13 16:17,15,24,20.07,2.10
2019-03-13 16:17,2019-03-13 16:18,15,24,19.75,1.95
2019-03-13 16:18,2019-03-13 16:19,15,24,20.01,2.09
2019-03-13 16:19,2019-03-13 16:20,15,24,19.74,2.08
2019-03-13 16:20,2019-03-13 16:21,15,24,19.87,2.16
2019-03-13 16:21,2019-03-13 16:22,15,24,20.14,2.23
2019-03-13 16:22,2019-03-13 16:23,15,24,20.18,2.24
2019-03-13 16:23,2019-03-13 16:24,15,24,20.23,2.29
2019-03-13 16:24,2019-03-13 16:25,15,24,20.07,2.28
2019-03-13 16:25,2019-03-13 16:26,15,24,20.02,2.18
2019-03-13 16:26,2019-03-13 16:27,15,24,19.90,2.21
2019-03-13 16:27,2019-03-13 16:28,15,24,19.79,2.09
2019-03-13 16:28,2019-03-13 16:29,15,24,19.71,2.05
2019-03-13 16:29,2019-03-13 16:30,15,24,19.45,1.98
2019-03-13 16:30,2019-03-13 16:31,12,24,19.12,1.85
2019-03-13 16:31,2019-03-13 16:32,15,24,19.09,1.80
2019-03-13 16:32,2019-03-13 16:33,12,24,19.15,1.87
2019-03-13 16:33,2019-03-13 16:34,15,24,19.22,1.86
2019-03-13 16:34,2019-03-13 16:35,12,24,19.02,1.84
2019-03-13 16:35,2019-03-13 16:36,12,24,19.08,1.82
2019-03-13 16:36,2019-03-13 16:37,12,21,19.01,1.84
2019-03-13 16:37,2019-03-13 16:38,12,21,18.95,1.84
2019-03-13 16:38,2019-03-13 16:39,12,24,19.02,1.83
2019-03-13 16:39,2019-03-13 16:40,12,24,19.00,1.84
2019-03-13 16:40,2019-03-13 16:41,15,21,19.12,1.82
2019-03-13 16:41,2019-03-13 16:42,12,21,18.96,1.87
2019-03-13 16:42,2019-03-13 16:43,12,21,18.83,1.87
2019-03-13 16:43,2019-03-13 16:44,12,21,18.82,1.85
2019-03-13 16:44,2019-03-13 16:45,12,21,18.77,1.92
2019-03-13 16:45,2019-03-13 16:46,12,21,18.26,2.04
2019-03-13 16:46,2019-03-13 16:47,12,21,18.30,2.04
2019-03-13 16:47,2019-03-13 16:48,12,21,18.74,1.89
2019-03-13 16:48,2019-03-13 16:49,12,21,18.56,1.92
2019-03-13 16:49,2019-03-13 16:50,12,21,18.54,1.95
2019-03-13 16:50,2019-03-13 16:51,12,21,18.40,2.01
2019-03-13 16:51,2019-03-13 16:52,12,21,18.38,2.03
2019-03-13 16:52,2019-03-13 16:53,12,21,18.35,2.00
2019-03-13 16:53,2019-03-13 16:54,12,21,18.35,2.02
2019-03-13 16:54,2019-03-13 16:55,12,21,18.04,2.07
2019-03-13 16:55,2019-03-13 16:56,12,21,18.01,2.11
2019-03-13 16:56,2019-03-13 16:57,12,21,17.96,2.11
2019-03-13 16:57,2019-03-13 16:58,12,21,17.95,2.13
2019-03-13 16:58,2019-03-13 16:59,12,21,17.73,2.17
2019-03-13 16:59,2019-03-13 17:00,12,21,17.56,2.16
2019-03-13 17:00,2019-03-13 17:01,12,21,17.33,2.15
2019-03-13 17:01,2019-03-13 17:02,12,21,15.89,1.73
2019-03-13 17:02,2019-03-13 17:03,12,24,16.12,1.98
2019-03-13 17:03,2019-03-13 17:04,12,24,15.52,1.67
2019-03-13 17:04,2019-03-13 17:05,12,40,16.15,2.67
2019-03-13 17:05,2019-03-13 17:06,12,21,15.52,1.68
2019-03-13 17:06,2019-03-13 17:07,12,21,15.43,1.55
2019-03-13 17:07,2019-03-13 17:08,12,18,15.42,1.55
2019-03-13 17:08,2019-03-13 17:09,12,24,15.53,1.58
2019-03-13 17:09,2019-03-13 17:10,12,24,16.94,2.17
2019-03-13 17:10,2019-03-13 17:11,12,24,15.59,1.64
2019-03-13 17:11,2019-03-13 17:12,12,18,15.29,1.50
2019-03-13 17:12,2019-03-13 17:13,12,18,15.27,1.47
2019-03-13 17:13,2019-03-13 17:14,12,18,15.42,1.55
2019-03-13 17:14,2019-03-13 17:15,12,18,15.39,1.52
2019-03-13 17:15,2019-03-13 17:16,12,18,15.31,1.50
2019-03-13 17:16,2019-03-13 17:17,12,18,15.20,1.52
2019-03-13 17:17,2019-03-13 17:18,12,18,15.17,1.71
2019-03-13 17:18,2019-03-13 17:19,12,18,15.38,1.51
2019-03-13 17:19,2019-03-13 17:20,12,18,15.34,1.49
2019-03-13 17:20,2019-03-13 17:21,12,21,15.37,1.52
2019-03-13 17:21,2019-03-13 17:22,12,18,15.35,1.50
2019-03-13 17:22,2019-03-13 17:23,12,21,15.50,1.57
2019-03-13 17:23,2019-03-13 17:24,12,21,16.10,1.81
2019-03-13 17:24,2019-03-13 17:25,12,21,15.96,1.74
2019-03-13 17:25,2019-03-13 17:26,12,21,15.90,1.74
2019-03-13 17:26,2019-03-13 17:27,12,21,15.45,1.54
2019-03-13 17:27,2019-03-13 17:28,12,18,15.37,1.51
2019-03-13 17:28,2019-03-13 17:29,12,21,15.12,1.65
2019-03-13 17:29,2019-03-13 17:30,12,18,14.61,1.71
2019-03-13 17:30,2019-03-13 17:31,12,27,15.50,1.66
2019-03-13 17:31,2019-03-13 17:32,12,18,15.28,1.46
2019-03-13 17:32,2019-03-13 17:33,12,27,15.83,1.99
2019-03-13 17:33,2019-03-13 17:34,12,34,17.74,2.92
2019-03-13 17:34,2019-03-13 17:35,12,27,15.60,1.79
2019-03-13 17:35,2019-03-13 17:36,12,21,15.52,1.58
2019-03-13 17:36,2019-03-13 17:37,12,46,17.43,5.19
2019-03-13 17:37,2019-03-13 17:38,12,21,15.46,1.55
2019-03-13 17:38,2019-03-13 17:39,12,21,15.39,1.48
2019-03-13 17:39,2019-03-13 17:40,12,24,15.50,1.62
2019-03-13 17:40,2019-03-13 17:41,12,18,15.27,1.45
2019-03-13 17:41,2019-03-13 17:42,12,18,15.28,1.43
2019-03-13 17:42,2019-03-13 17:43,12,18,15.35,1.44
2019-03-13 17:43,2019-03-13 17:44,12,18,15.32,1.46
2019-03-13 17:44,2019-03-13 17:45,12,21,15.69,1.75
2019-03-13 17:45,2019-03-13 17:46,12,27,16.00,2.29
2019-03-13 17:46,2019-03-13 17:47,12,21,15.50,1.55
2019-03-13 17:47,2019-03-13 17:48,12,21,15.81,1.72
2019-03-13 17:48,2019-03-13 17:49,12,18,15.26,1.45
2019-03-13 17:49,2019-03-13 17:50,12,18,15.31,1.46
2019-03-13 17:50,2019-03-13 17:51,12,21,15.25,1.45
2019-03-13 17:51,2019-03-13 17:52,12,21,15.36,1.53
2019-03-13 17:52,2019-03-13 17:53,12,18,15.27,1.45
2019-03-13 17:53,2019-03-13 17:54,12,18,15.27,1.45
2019-03-13 17:54,2019-03-13 17:55,12,18,15.32,1.47
2019-03-13 17:55,2019-03-13 17:56,12,18,15.27,1.42
2019-03-13 17:56,2019-03-13 17:57,12,18,15.26,1.43
2019-03-13 17:57,2019-03-13 17:58,12,18,15.25,1.40
2019-03-13 17:58,2019-03-13 17:59,12,18,15.02,1.62
2019-03-13 17:59,2019-03-13 18:00,12,18,14.58,1.29
2019-03-13 18:00,2019-03-13 18:01,12,18,15.32,1.56
2019-03-13 18:01,2019-03-13 18:02,12,18,15.30,1.47
2019-03-13 18:02,2019-03-13 18:03,12,21,14.96,1.60
2019-03-13 18:03,2019-03-13 18:04,12,18,14.93,1.58
2019-03-13 18:04,2019-03-13 18:05,12,18,15.34,1.46
2019-03-13 18:05,2019-03-13 18:06,12,27,16.36,2.80
2019-03-13 18:06,2019-03-13 18:07,12,27,16.43,1.99
2019-03-13 18:07,2019-03-13 18:08,12,18,13.79,1.59
2019-03-13 18:08,2019-03-13 18:09,12,21,14.32,1.52
2019-03-13 18:09,2019-03-13 18:10,12,18,14.09,1.52
2019-03-13 18:10,2019-03-13 18:11,12,21,15.13,1.62
2019-03-13 18:11,2019-03-13 18:12,12,18,15.09,1.51
2019-03-13 18:12,2019-03-13 18:13,12,18,15.49,1.57
2019-03-13 18:13,2019-03-13 18:14,12,18,15.22,1.43
2019-03-13 18:14,2019-03-13 18:15,12,18,15.09,1.40
2019-03-13 18:15,2019-03-13 18:16,12,18,15.30,1.46
2019-03-13 18:16,2019-03-13 18:17,12,18,15.00,1.48
2019-03-13 18:17,2019-03-13 18:18,12,18,15.15,1.37
2019-03-13 18:18,2019-03-13 18:19,12,18,15.13,1.37
2019-03-13 18:19,2019-03-13 18:20,12,18,14.99,1.33
2019-03-13 18:20,2019-03-13 18:21,12,18,14.90,1.54
2019-03-13 18:21,2019-03-13 18:22,12,18,14.70,1.82
2019-03-13 18:22,2019-03-13 18:23,12,18,14.97,1.52
2019-03-13 18:23,2019-03-13 18:24,12,24,15.76,1.89
2019-03-13 18:24,2019-03-13 18:25,12,18,14.82,1.48
2019-03-13 18:25,2019-03-13 18:26,12,21,14.93,1.55
2019-03-13 18:26,2019-03-13 18:27,12,21,14.39,1.82
2019-03-13 18:27,2019-03-13 18:28,12,18,13.27,1.54
2019-03-13 18:28,2019-03-13 18:29,12,18,15.03,1.33
2019-03-13 18:29,2019-03-13 18:30,12,18,14.79,1.47
2019-03-13 18:30,2019-03-13 18:31,12,18,14.93,1.33
2019-03-13 18:31,2019-03-13 18:32,12,18,14.12,1.64
2019-03-13 18:32,2019-03-13 18:33,12,18,13.24,1.63
2019-03-13 18:33,2019-03-13 18:34,12,18,14.84,1.30
2019-03-13 18:34,2019-03-13 18:35,12,18,15.11,1.39
2019-03-13 18:35,2019-03-13 18:36,12,18,14.87,1.83
2019-03-13 18:36,2019-03-13 18:37,12,18,13.89,1.63
2019-03-13 18:37,2019-03-13 18:38,12,15,12.80,1.32
2019-03-13 18:38,2019-03-13 18:39,12,18,13.63,1.54
2019-03-13 18:39,2019-03-13 18:40,12,21,15.02,1.53
2019-03-13 18:40,2019-03-13 18:41,12,18,14.89,1.30
2019-03-13 18:41,2019-03-13 18:42,12,18,14.99,1.32
2019-03-13 18:42,2019-03-13 18:43,12,18,15.12,1.40
2019-03-13 18:43,2019-03-13 18:44,12,18,15.15,1.40
2019-03-13 18:44,2019-03-13 18:45,12,18,14.89,1.29
2019-03-13 18:45,2019-03-13 18:46,12,18,14.09,1.45
2019-03-13 18:46,2019-03-13 18:47,12,18,14.22,1.54
2019-03-13 18:47,2019-03-13 18:48,12,18,14.65,1.30
2019-03-13 18:48,2019-03-13 18:49,12,18,14.52,1.42
2019-03-13 18:49,2019-03-13 18:50,12,18,14.70,1.59
2019-03-13 18:50,2019-03-13 18:51,12,31,14.91,1.95
2019-03-13 18:51,2019-03-13 18:52,12,18,15.09,1.35
2019-03-13 18:52,2019-03-13 18:53,12,18,15.00,1.35
2019-03-13 18:53,2019-03-13 18:54,12,18,15.02,1.35
2019-03-13 18:54,2019-03-13 18:55,12,18,15.10,1.38
2019-03-13 18:55,2019-03-13 18:56,12,18,15.09,1.36
2019-03-13 18:56,2019-03-13 18:57,12,18,15.04,1.32
2019-03-13 18:57,2019-03-13 18:58,12,18,15.14,1.38
2019-03-13 18:58,2019-03-13 18:59,12,18,15.01,1.39
2019-03-13 18:59,2019-03-13 19:00,12,18,15.01,1.34
2019-03-13 19:00,2019-03-13 19:01,12,18,15.06,1.33
2019-03-13 19:01,2019-03-13 19:02,12,18,15.00,1.35
2019-03-13 19:02,2019-03-13 19:03,12,18,14.90,1.40
2019-03-13 19:03,2019-03-13 19:04,12,18,14.92,1.31
2019-03-13 19:04,2019-03-13 19:05,12,18,15.02,1.35
2019-03-13 19:05,2019-03-13 19:06,12,18,14.94,1.40
2019-03-13 19:06,2019-03-13 19:07,12,18,14.66,1.50
2019-03-13 19:07,2019-03-13 19:08,12,18,14.95,1.38
2019-03-13 19:08,2019-03-13 19:09,12,18,15.02,1.34
2019-03-13 19:09,2019-03-13 19:10,12,18,14.95,1.31
2019-03-13 19:10,2019-03-13 19:11,12,18,15.00,1.35
2019-03-13 19:11,2019-03-13 19:12,12,18,13.39,1.54
2019-03-13 19:12,2019-03-13 19:13,12,15,13.32,1.49
2019-03-13 19:13,2019-03-13 19:14,12,18,14.18,1.42
2019-03-13 19:14,2019-03-13 19:15,12,15,12.38,1.00
2019-03-13 19:15,2019-03-13 19:16,12,18,13.33,1.50
2019-03-13 19:16,2019-03-13 19:17,12,15,13.49,1.50
2019-03-13 19:17,2019-03-13 19:18,12,18,14.30,1.46
2019-03-13 19:18,2019-03-13 19:19,12,18,14.90,1.40
2019-03-13 19:19,2019-03-13 19:20,12,18,14.39,1.29
2019-03-13 19:20,2019-03-13 19:21,12,18,14.82,1.31
2019-03-13 19:21,2019-03-13 19:22,12,18,15.04,1.40
2019-03-13 19:22,2019-03-13 19:23,12,18,15.07,1.36
2019-03-13 19:23,2019-03-13 19:24,12,18,15.03,1.45
2019-03-13 19:24,2019-03-13 19:25,12,18,14.39,1.59
2019-03-13 19:25,2019-03-13 19:26,12,18,14.89,1.39
2019-03-13 19:26,2019-03-13 19:27,12,18,12.93,1.40
2019-03-13 19:27,2019-03-13 19:28,12,15,12.54,1.15
2019-03-13 19:28,2019-03-13 19:29,12,15,12.03,0.31
2019-03-13 19:29,2019-03-13 19:30,12,15,12.00,0.11
2019-03-13 19:30,2019-03-13 19:31,12,15,12.10,0.54
2019-03-13 19:31,2019-03-13 19:32,12,15,12.69,1.26
2019-03-13 19:32,2019-03-13 19:33,12,18,14.30,1.50
2019-03-13 19:33,2019-03-13 19:34,12,18,14.89,1.35
2019-03-13 19:34,2019-03-13 19:35,12,18,14.75,1.34
2019-03-13 19:35,2019-03-13 19:36,12,18,14.63,1.54
2019-03-13 19:36,2019-03-13 19:37,12,18,14.74,1.40
2019-03-13 19:37,2019-03-13 19:38,12,18,14.35,1.45
2019-03-13 19:38,2019-03-13 19:39,12,18,14.47,1.41
2019-03-13 19:39,2019-03-13 19:40,12,18,14.17,1.42
2019-03-13 19:40,2019-03-13 19:41,12,18,13.23,1.55
2019-03-13 19:41,2019-03-13 19:42,12,18,14.33,1.37
2019-03-13 19:42,2019-03-13 19:43,12,18,13.38,1.50
2019-03-13 19:43,2019-03-13 19:44,12,15,13.29,1.48
2019-03-13 19:44,2019-03-13 19:45,12,18,12.80,1.34
2019-03-13 19:45,2019-03-13 19:46,12,15,13.24,1.48
2019-03-13 19:46,2019-03-13 19:47,12,18,13.34,1.51
2019-03-13 19:47,2019-03-13 19:48,12,18,13.86,1.47
2019-03-13 19:48,2019-03-13 19:49,12,18,13.18,1.49
2019-03-13 19:49,2019-03-13 19:50,12,18,13.77,1.58
2019-03-13 19:50,2019-03-13 19:51,12,18,13.92,1.56
2019-03-13 19:51,2019-03-13 19:52,12,18,13.71,1.52
2019-03-13 19:52,2019-03-13 19:53,12,18,13.84,1.52
2019-03-13 19:53,2019-03-13 19:54,12,18,14.29,1.44
2019-03-13 19:54,2019-03-13 19:55,12,18,14.28,1.60
2019-03-13 19:55,2019-03-13 19:56,12,18,14.57,1.45
2019-03-13 19:56,2019-03-13 19:57,12,18,14.70,1.35
2019-03-13 19:57,2019-03-13 19:58,12,18,14.74,1.33
2019-03-13 19:58,2019-03-13 19:59,12,15,12.91,1.38
2019-03-13 19:59,2019-03-13 20:00,12,18,13.57,1.57
2019-03-13 20:00,2019-03-13 20:01,12,18,14.37,1.41
2019-03-13 20:01,2019-03-13 20:02,12,18,14.97,1.32
2019-03-13 20:02,2019-03-13 20:03,12,18,14.89,1.34
2019-03-13 20:03,2019-03-13 20:04,12,18,14.93,1.31
2019-03-13 20:04,2019-03-13 20:05,12,18,14.99,1.33
2019-03-13 20:05,2019-03-13 20:06,12,18,15.00,1.35
2019-03-13 20:06,2019-03-13 20:07,12,18,14.98,1.34
2019-03-13 20:07,2019-03-13 20:08,12,18,14.99,1.36
2019-03-13 20:08,2019-03-13 20:09,12,18,14.97,1.35
2019-03-13 20:09,2019-03-13 20:10,12,18,14.97,1.29
2019-03-13 20:10,2019-03-13 20:11,12,18,15.02,1.35
2019-03-13 20:11,2019-03-13 20:12,12,18,15.01,1.35
2019-03-13 20:12,2019-03-13 20:13,12,18,15.00,1.34
2019-03-13 20:13,2019-03-13 20:14,12,18,14.99,1.34
2019-03-13 20:14,2019-03-13 20:15,12,18,15.00,1.34
2019-03-13 20:15,2019-03-13 20:16,12,18,14.99,1.32
2019-03-13 20:16,2019-03-13 20:17,12,18,15.00,1.33
2019-03-13 20:17,2019-03-13 20:18,12,18,14.99,1.37
2019-03-13 20:18,2019-03-13 20:19,12,18,15.01,1.34
2019-03-13 20:19,2019-03-13 20:20,12,18,15.01,1.34
2019-03-13 20:20,2019-03-13 20:21,12,18,15.04,1.38
2019-03-13 20:21,2019-03-13 20:22,12,18,14.98,1.33
2019-03-13 20:22,2019-03-13 20:23,12,18,15.03,1.33
2019-03-13 20:23,2019-03-13 20:24,12,18,15.00,1.35
2019-03-13 20:24,2019-03-13 20:25,12,18,15.00,1.34
2019-03-13 20:25,2019-03-13 20:26,12,18,14.97,1.38
2019-03-13 20:26,2019-03-13 20:27,12,18,14.93,1.39
2019-03-13 20:27,2019-03-13 20:28,12,18,14.99,1.32
2019-03-13 20:28,2019-03-13 20:29,12,18,14.99,1.36
2019-03-13 20:29,2019-03-13 20:30,12,18,14.89,1.39
2019-03-13 20:30,2019-03-13 20:31,12,18,14.99,1.38
2019-03-13 20:31,2019-03-13 20:32,12,18,15.03,1.39
2019-03-13 20:32,2019-03-13 20:33,12,18,15.08,1.40
2019-03-13 20:33,2019-03-13 20:34,12,18,15.09,1.42
2019-03-13 20:34,2019-03-13 20:35,12,18,15.07,1.39
2019-03-13 20:35,2019-03-13 20:36,12,18,15.05,1.41
2019-03-13 20:36,2019-03-13 20:37,12,18,15.01,1.35
2019-03-13 20:37,2019-03-13 20:38,12,18,14.98,1.33
2019-03-13 20:38,2019-03-13 20:39,12,18,15.04,1.37
2019-03-13 20:39,2019-03-13 20:40,12,18,14.99,1.33
2019-03-13 20:40,2019-03-13 20:41,12,18,15.01,1.35
2019-03-13 20:41,2019-03-13 20:42,12,18,14.57,1.59
2019-03-13 20:42,2019-03-13 20:43,12,18,13.25,1.49
2019-03-13 20:43,2019-03-13 20:44,12,18,13.97,1.63
2019-03-13 20:44,2019-03-13 20:45,12,18,15.04,1.37
2019-03-13 20:45,2019-03-13 20:46,12,18,15.07,1.38
2019-03-13 20:46,2019-03-13 20:47,12,18,14.98,1.34
2019-03-13 20:47,2019-03-13 20:48,12,18,14.93,1.40
2019-03-13 20:48,2019-03-13 20:49,12,18,14.98,1.33
2019-03-13 20:49,2019-03-13 20:50,12,18,15.05,1.37
2019-03-13 20:50,2019-03-13 20:51,12,18,15.05,1.37
2019-03-13 20:51,2019-03-13 20:52,12,18,15.03,1.36
2019-03-13 20:52,2019-03-13 20:53,12,18,15.05,1.37
2019-03-13 20:53,2019-03-13 20:54,12,18,15.12,1.39
2019-03-13 20:54,2019-03-13 20:55,12,18,15.03,1.36
2019-03-13 20:55,2019-03-13 20:56,12,18,15.00,1.40
2019-03-13 20:56,2019-03-13 20:57,12,18,14.74,1.41
2019-03-13 20:57,2019-03-13 20:58,12,18,14.86,1.34
2019-03-13 20:58,2019-03-13 20:59,12,18,15.03,1.38
2019-03-13 20:59,2019-03-13 21:00,12,18,14.97,1.36
2019-03-13 21:00,2019-03-13 21:01,12,18,14.96,1.32
2019-03-13 21:01,2019-03-13 21:02,12,18,15.04,1.40
2019-03-13 21:02,2019-03-13 21:03,12,18,14.93,1.35
2019-03-13 21:03,2019-03-13 21:04,12,18,14.98,1.32
2019-03-13 21:04,2019-03-13 21:05,12,18,15.03,1.35
2019-03-13 21:05,2019-03-13 21:06,12,18,14.96,1.30
2019-03-13 21:06,2019-03-13 21:07,12,18,15.02,1.37
2019-03-13 21:07,2019-03-13 21:08,12,18,14.95,1.34
2019-03-13 21:08,2019-03-13 21:09,12,18,14.93,1.32
2019-03-13 21:09,2019-03-13 21:10,12,18,14.67,1.34
2019-03-13 21:10,2019-03-13 21:11,12,18,14.27,1.37
2019-03-13 21:11,2019-03-13 21:12,12,18,14.05,1.43
2019-03-13 21:12,2019-03-13 21:13,12,18,14.22,1.58
2019-03-13 21:13,2019-03-13 21:14,12,15,12.37,0.99
2019-03-13 21:14,2019-03-13 21:15,12,18,12.74,1.32
2019-03-13 21:15,2019-03-13 21:16,12,27,16.89,3.38
2019-03-13 21:16,2019-03-13 21:17,12,24,14.26,2.35
2019-03-13 21:17,2019-03-13 21:18,12,24,15.81,2.25
2019-03-13 21:18,2019-03-13 21:19,12,18,14.57,1.33
2019-03-13 21:19,2019-03-13 21:20,12,18,14.81,1.32
2019-03-13 21:20,2019-03-13 21:21,12,18,14.85,1.28
2019-03-13 21:21,2019-03-13 21:22,12,18,14.89,1.37
2019-03-13 21:22,2019-03-13 21:23,12,18,14.23,1.47
2019-03-13 21:23,2019-03-13 21:24,12,18,13.62,1.52
2019-03-13 21:24,2019-03-13 21:25,12,18,14.53,1.31
2019-03-13 21:25,2019-03-13 21:26,12,18,14.12,1.46
2019-03-13 21:26,2019-03-13 21:27,12,18,14.25,1.43
2019-03-13 21:27,2019-03-13 21:28,12,18,14.59,1.37
2019-03-13 21:28,2019-03-13 21:29,12,18,14.91,1.30
2019-03-13 21:29,2019-03-13 21:30,12,18,14.87,1.30
2019-03-13 21:30,2019-03-13 21:31,12,18,14.76,1.27
2019-03-13 21:31,2019-03-13 21:32,12,18,14.90,1.28
2019-03-13 21:32,2019-03-13 21:33,12,18,14.89,1.29
2019-03-13 21:33,2019-03-13 21:34,12,18,14.82,1.31
2019-03-13 21:34,2019-03-13 21:35,12,18,14.66,1.25
2019-03-13 21:35,2019-03-13 21:36,12,18,14.59,1.28
2019-03-13 21:36,2019-03-13 21:37,12,18,14.70,1.37
2019-03-13 21:37,2019-03-13 21:38,12,18,14.35,1.51
2019-03-13 21:38,2019-03-13 21:39,12,18,12.99,1.48
2019-03-13 21:39,2019-03-13 21:40,12,18,14.80,1.30
2019-03-13 21:40,2019-03-13 21:41,12,18,14.84,1.25
2019-03-13 21:41,2019-03-13 21:42,12,18,14.80,1.28
2019-03-13 21:42,2019-03-13 21:43,12,18,14.81,1.31
2019-03-13 21:43,2019-03-13 21:44,12,18,14.85,1.26
2019-03-13 21:44,2019-03-13 21:45,12,18,14.87,1.32
2019-03-13 21:45,2019-03-13 21:46,12,18,14.86,1.32
2019-03-13 21:46,2019-03-13 21:47,12,18,14.88,1.31
2019-03-13 21:47,2019-03-13 21:48,12,18,14.84,1.32
2019-03-13 21:48,2019-03-13 21:49,12,18,14.88,1.33
2019-03-13 21:49,2019-03-13 21:50,12,18,14.87,1.32
2019-03-13 21:50,2019-03-13 21:51,12,18,14.85,1.30
2019-03-13 21:51,2019-03-13 21:52,12,18,14.90,1.32
2019-03-13 21:52,2019-03-13 21:53,12,18,14.89,1.26
2019-03-13 21:54,2019-03-13 21:55,12,18,14.88,1.31
2019-03-13 21:55,2019-03-13 21:56,12,18,14.90,1.28
2019-03-13 21:56,2019-03-13 21:57,12,18,14.90,1.31
2019-03-13 21:57,2019-03-13 21:58,12,18,14.86,1.33
2019-03-13 21:58,2019-03-13 21:59,12,18,14.86,1.30
2019-03-13 21:59,2019-03-13 22:00,12,18,14.74,1.29
2019-03-13 22:00,2019-03-13 22:01,12,18,14.62,1.30
2019-03-13 22:01,2019-03-13 22:02,12,18,14.80,1.30
2019-03-13 22:02,2019-03-13 22:03,12,18,14.75,1.32
2019-03-13 22:03,2019-03-13 22:04,12,18,14.67,1.31
2019-03-13 22:04,2019-03-13 22:05,12,18,14.65,1.24
2019-03-13 22:05,2019-03-13 22:06,12,18,14.64,1.26
2019-03-13 22:06,2019-03-13 22:07,12,15,12.39,1.01
2019-03-13 22:07,2019-03-13 22:08,12,15,12.12,0.59
2019-03-13 22:08,2019-03-13 22:09,12,18,14.43,1.52
2019-03-13 22:09,2019-03-13 22:10,12,18,14.84,1.31
2019-03-13 22:10,2019-03-13 22:11,12,18,14.85,1.33
2019-03-13 22:11,2019-03-13 22:12,12,18,14.87,1.33
2019-03-13 22:12,2019-03-13 22:13,12,18,14.77,1.29
2019-03-13 22:13,2019-03-13 22:14,12,18,14.82,1.31
2019-03-13 22:14,2019-03-13 22:15,12,18,14.76,1.30
2019-03-13 22:15,2019-03-13 22:16,12,18,14.75,1.29
2019-03-13 22:16,2019-03-13 22:17,12,18,14.79,1.30
2019-03-13 22:17,2019-03-13 22:18,12,18,14.76,1.33
2019-03-13 22:18,2019-03-13 22:19,12,18,14.87,1.33
2019-03-13 22:19,2019-03-13 22:20,12,18,13.68,1.67
2019-03-13 22:20,2019-03-13 22:21,12,18,12.76,1.31
2019-03-13 22:21,2019-03-13 22:22,12,18,14.28,1.54
2019-03-13 22:22,2019-03-13 22:23,12,18,14.16,1.54
2019-03-13 22:23,2019-03-13 22:24,12,18,13.37,1.61
2019-03-13 22:24,2019-03-13 22:25,12,18,14.84,1.33
2019-03-13 22:25,2019-03-13 22:26,12,18,14.64,1.36
2019-03-13 22:26,2019-03-13 22:27,12,15,12.31,0.92
2019-03-13 22:27,2019-03-13 22:28,12,15,12.26,0.84
2019-03-13 22:28,2019-03-13 22:29,12,18,12.56,1.20
2019-03-13 22:29,2019-03-13 22:30,12,15,12.23,0.80
2019-03-13 22:30,2019-03-13 22:31,12,15,12.19,0.74
2019-03-13 22:31,2019-03-13 22:32,12,15,12.14,0.63
2019-03-13 22:32,2019-03-13 22:33,12,15,12.02,0.23
2019-03-13 22:33,2019-03-13 22:34,12,15,12.06,0.41
2019-03-13 22:34,2019-03-13 22:35,12,18,12.55,1.17
2019-03-13 22:35,2019-03-13 22:36,12,18,14.80,1.52
2019-03-13 22:36,2019-03-13 22:37,12,18,14.70,1.36
2019-03-13 22:37,2019-03-13 22:38,12,18,14.68,1.40
2019-03-13 22:38,2019-03-13 22:39,12,18,14.39,1.73
2019-03-13 22:39,2019-03-13 22:40,12,18,12.67,1.25
2019-03-13 22:40,2019-03-13 22:41,12,18,13.81,1.49
2019-03-13 22:41,2019-03-13 22:42,12,18,14.52,1.35
2019-03-13 22:42,2019-03-13 22:43,12,18,14.72,1.31
2019-03-13 22:43,2019-03-13 22:44,12,18,14.83,1.32
2019-03-13 22:44,2019-03-13 22:45,12,18,14.66,1.30
2019-03-13 22:45,2019-03-13 22:46,12,18,14.61,1.39
2019-03-13 22:46,2019-03-13 22:47,12,18,14.87,1.32
2019-03-13 22:47,2019-03-13 22:48,12,18,14.75,1.32
2019-03-13 22:48,2019-03-13 22:49,12,18,14.88,1.31
2019-03-13 22:49,2019-03-13 22:50,12,18,14.91,1.36
2019-03-13 22:50,2019-03-13 22:51,12,18,14.82,1.32
2019-03-13 22:51,2019-03-13 22:52,12,18,14.89,1.36
2019-03-13 22:52,2019-03-13 22:53,12,18,14.52,1.48
2019-03-13 22:53,2019-03-13 22:54,12,18,14.90,1.37
2019-03-13 22:54,2019-03-13 22:55,12,18,14.86,1.31
2019-03-13 22:55,2019-03-13 22:56,12,18,14.86,1.33
2019-03-13 22:56,2019-03-13 22:57,12,18,14.85,1.31
2019-03-13 22:57,2019-03-13 22:58,12,18,14.89,1.36
2019-03-13 22:58,2019-03-13 22:59,12,18,14.88,1.32
2019-03-13 22:59,2019-03-13 23:00,12,18,14.92,1.34
2019-03-13 23:00,2019-03-13 23:01,12,18,14.93,1.33
2019-03-13 23:01,2019-03-13 23:02,12,18,14.83,1.35
2019-03-13 23:02,2019-03-13 23:03,12,18,14.82,1.31
2019-03-13 23:03,2019-03-13 23:04,12,18,14.73,1.32
2019-03-13 23:04,2019-03-13 23:05,12,18,14.83,1.29
2019-03-13 23:05,2019-03-13 23:06,12,18,14.90,1.31
2019-03-13 23:06,2019-03-13 23:07,12,18,14.93,1.31
2019-03-13 23:07,2019-03-13 23:08,12,18,14.45,1.56
2019-03-13 23:08,2019-03-13 23:09,12,18,14.96,1.40
2019-03-13 23:09,2019-03-13 23:10,12,18,14.46,1.51
2019-03-13 23:10,2019-03-13 23:11,12,18,14.42,1.53
2019-03-13 23:11,2019-03-13 23:12,12,18,14.95,1.32
2019-03-13 23:12,2019-03-13 23:13,12,18,14.91,1.36
2019-03-13 23:13,2019-03-13 23:14,12,18,14.80,1.33
2019-03-13 23:14,2019-03-13 23:15,12,18,14.87,1.31
2019-03-13 23:15,2019-03-13 23:16,12,18,14.86,1.27
2019-03-13 23:16,2019-03-13 23:17,12,18,14.87,1.25
2019-03-13 23:17,2019-03-13 23:18,12,18,14.87,1.29
2019-03-13 23:18,2019-03-13 23:19,12,18,14.86,1.31
2019-03-13 23:19,2019-03-13 23:20,12,18,14.81,1.29
2019-03-13 23:20,2019-03-13 23:21,12,18,14.81,1.24
2019-03-13 23:21,2019-03-13 23:22,12,18,14.79,1.28
2019-03-13 23:22,2019-03-13 23:23,12,18,14.82,1.27
2019-03-13 23:23,2019-03-13 23:24,12,18,14.84,1.32
2019-03-13 23:24,2019-03-13 23:25,12,18,14.78,1.26
2019-03-13 23:25,2019-03-13 23:26,12,18,14.75,1.15
2019-03-13 23:26,2019-03-13 23:27,12,18,14.79,1.21
2019-03-13 23:27,2019-03-13 23:28,12,18,14.74,1.17
2019-03-13 23:28,2019-03-13 23:29,12,18,14.84,1.17
2019-03-13 23:29,2019-03-13 23:30,12,18,14.97,1.30
2019-03-13 23:30,2019-03-13 23:31,12,18,15.09,1.31
2019-03-13 23:31,2019-03-13 23:32,12,18,14.79,1.27
2019-03-13 23:32,2019-03-13 23:33,12,18,14.68,1.36
2019-03-13 23:33,2019-03-13 23:34,12,18,14.56,1.26
2019-03-13 23:34,2019-03-13 23:35,12,18,14.73,1.24
2019-03-13 23:35,2019-03-13 23:36,12,18,14.74,1.18
2019-03-13 23:36,2019-03-13 23:37,12,18,14.82,1.17
2019-03-13 23:37,2019-03-13 23:38,12,18,14.85,1.21
2019-03-13 23:38,2019-03-13 23:39,12,18,14.78,1.19
2019-03-13 23:39,2019-03-13 23:40,12,18,14.78,1.15
2019-03-13 23:40,2019-03-13 23:41,12,18,14.80,1.14
2019-03-13 23:41,2019-03-13 23:42,12,18,14.80,1.17
2019-03-13 23:42,2019-03-13 23:43,12,18,14.88,1.21
2019-03-13 23:43,2019-03-13 23:44,12,18,14.80,1.25
2019-03-13 23:44,2019-03-13 23:45,12,18,14.91,1.34
2019-03-13 23:45,2019-03-13 23:46,12,18,14.89,1.41
2019-03-13 23:46,2019-03-13 23:47,12,18,15.05,1.40
2019-03-13 23:47,2019-03-13 23:48,12,18,14.86,1.34
2019-03-13 23:48,2019-03-13 23:49,12,18,14.75,1.49
2019-03-13 23:49,2019-03-13 23:50,12,21,15.11,1.59
2019-03-13 23:50,2019-03-13 23:51,12,21,15.90,1.87
2019-03-13 23:51,2019-03-13 23:52,12,24,17.13,2.02
2019-03-13 23:52,2019-03-13 23:53,12,21,16.22,1.74
2019-03-13 23:53,2019-03-13 23:54,12,18,14.22,1.49
2019-03-13 23:54,2019-03-13 23:55,12,18,14.74,1.30
2019-03-13 23:55,2019-03-13 23:56,12,18,14.92,1.27
2019-03-13 23:56,2019-03-13 23:57,12,18,15.05,1.30
2019-03-13 23:57,2019-03-13 23:58,12,21,15.24,1.65
2019-03-13 23:58,2019-03-13 23:59,12,18,15.08,1.37
